"# 包裹分页标识：package_part_type",,,,,,,,,,,,,,,,,,,,,,,,,,,,,,,,,,,,,,,,,
"# 宝箱：POS_ITEM",,,,,,,,,,,,,,,,,,,,,,,,,,,,,,,,,,,,,,,,,
"# 道具信息表",,,,,,,,,,,,,,,,,,,,,,,,,,,,,,,,,,,,,,,,,
"# 道具类型属性(item_type)：该属性组要是对item，drug，equip进行分类, 目前包裹排序需要使用该字段",,,,,,,,,,,,,,,,,,,,,,,,,,,,,,,,,,,,,,,,,
"#",,,,,,,,,,,,,,,,,,,,,,,,,,,,,,,,,,,,,,,,,
"#道具编号*","备注","图片*","透明图片*","名称*","类型*","道具分组*","附加属性类型*","单位","使用*","可否重叠","重叠数量","自动使用","角色卖出价格*","角色买入价格*","品质*","占用包裹格子计算脚本*","占用包裹格子计算参数*","选取目标脚本","选取参数","使用脚本","使用参数","检测脚本*","检测脚本参数*","作用脚本*","作用参数*","作用描述脚本*","判断是否可使用的脚本","判断可否使用的参数","附加属性*","短描述脚本*","描述脚本*","描述*","描述*","属性描述*","使魔升级经验脚本*","使魔升级经验参数*","使魔升级消耗脚本*","使魔升级消耗参数*","道具分组*","物品对应的掉落等级","使用等级限制*"
"auto","auto","auto","auto","auto","auto","auto","auto","auto","auto","auto","auto","auto","auto","auto","auto","auto","auto","auto","auto","auto","auto","auto","auto","auto","auto","auto","auto","auto","auto","auto","auto","auto","auto","auto","auto","auto","auto","auto","auto","auto","auto"
"class_id","memo","icon","clear_icon","name","item_type","group","prop_type","unit","apply","combined","max_amount","auto_apply","sell_price","buy_price","rank","pos_amount_script","pos_amount_args","select_script","select_arg","use_script","use_arg","check_script","check_arg","apply_script","apply_arg","apply_desc","can_do_script","can_do_arg","dbase","short_desc_script","desc_script","desc_args","desc","prop_desc","exp_script","exp_arg","exp_cost_script","exp_cost_arg","is_material","drop_level","level_request"
50000,"未知召唤卷","""50000""","""s50000""","item_name_1",7,"","@UNDEFINED","item_unit_1","NS",1,2147483647,1,"([""money"":0,])","([""money"":10,])",3,0,"([])",4000,0,618,"stone_unknown",0,"([])",0,"([])",0,0,"([])","([""attrib"":""stone_unknown""])",0,0,,"item_desc_1",,4400,800,4500,400,"@TRUE",0,0
50001,"神秘召唤卷","""50001""","""s50001""","item_name_2",7,"","@UNDEFINED","item_unit_1","NS",1,2147483647,1,"([""money"":0,])","([""money"":10,])",3,0,"([])",4000,0,618,"stone_mystery",0,"([])",0,"([])",0,0,"([])","([""attrib"":""stone_mystery""])",0,0,,"item_desc_2",,0,0,0,0,"@FALSE",0,0
50002,"火之召唤卷","""50002""","""s50002""","item_name_3",7,"","@UNDEFINED","item_unit_1","NS",1,2147483647,1,"([""money"":0,])","([""money"":10,])",3,0,"([])",4000,0,618,"stone_fire",0,"([])",0,"([])",0,0,"([])","([""attrib"":""stone_fire""])",0,0,,"item_desc_3",,0,0,0,0,"@FALSE",0,0
50003,"风之召唤卷","""50003""","""s50003""","item_name_4",7,"","@UNDEFINED","item_unit_1","NS",1,2147483647,1,"([""money"":0,])","([""money"":10,])",3,0,"([])",4000,0,618,"stone_wind",0,"([])",0,"([])",0,0,"([])","([""attrib"":""stone_wind""])",0,0,,"item_desc_4",,0,0,0,0,"@FALSE",0,0
50004,"水之召唤卷","""50004""","""s50004""","item_name_5",7,"","@UNDEFINED","item_unit_1","NS",1,2147483647,1,"([""money"":0,])","([""money"":10,])",3,0,"([])",4000,0,618,"stone_water",0,"([])",0,"([])",0,0,"([])","([""attrib"":""stone_water""])",0,0,,"item_desc_5",,0,0,0,0,"@FALSE",0,0
50005,"光暗召唤卷","""50005""","""s50005""","item_name_6",7,"","@UNDEFINED","item_unit_1","NS",1,2147483647,1,"([""money"":0,])","([""money"":10,])",3,0,"([])",4000,0,618,"stone_ld",0,"([])",0,"([])",0,0,"([])","([""attrib"":""stone_ld""])",0,0,,"item_desc_6",,0,0,0,0,"@FALSE",0,0
50006,"传说召唤卷","""50006""","""s50006""","item_name_7",7,"","@UNDEFINED","item_unit_1","NS",1,2147483647,1,"([""money"":0,])","([""money"":10,])",3,0,"([])",4000,0,618,"stone_legend",0,"([])",0,"([])",0,0,"([])","([""attrib"":""stone_legend""])",0,0,,"item_desc_7",,0,0,0,0,"@FALSE",0,0
50007,"历练召唤卷","""50007""","""s50007""","item_name_8",7,"","@UNDEFINED","item_unit_1","NS",1,2147483647,1,"([""money"":0,])","([""money"":10,])",3,0,"([])",4000,0,618,"stone_ep",0,"([])",0,"([])",0,0,"([])","([""attrib"":""stone_ep""])",0,0,,"item_desc_8",,0,0,0,0,"@FALSE",0,0
50008,"光暗召唤卷残页","""50008""","""s50008""","item_name_9",4,"","@UNDEFINED","item_unit_1","NS",1,2147483647,1,"([""money"":0,])","([""money"":10,])",3,0,"([])",4000,0,618,"chip_ld",0,"([])",0,"([])",0,0,"([])","([""attrib"":""chip_ld""])",0,0,,"item_desc_9",,0,0,0,0,"@FALSE",0,0
50009,"传说召唤卷残页","""50009""","""s50009""","item_name_10",4,"","@UNDEFINED","item_unit_1","NS",1,2147483647,1,"([""money"":0,])","([""money"":10,])",3,0,"([])",4000,0,618,"chip_legend",0,"([])",0,"([])",0,0,"([])","([""attrib"":""chip_legend""])",0,0,,"item_desc_10",,0,0,0,0,"@FALSE",0,0
50010,"万能召唤卷残页","""50011a""","""s50011a""","item_name_11",4,"","@UNDEFINED","item_unit_1","NS",1,2147483647,1,"([""money"":0,])","([""money"":10,])",3,0,"([])",4000,0,618,"chip_all",0,"([])",0,"([])",0,0,"([])","([""attrib"":""chip_all""])",0,0,,"item_desc_11",,0,0,0,0,"@FALSE",0,0
50011,"使魔召唤卷残页","""50011""","""s50011""","item_name_12",4,"","@UNDEFINED","item_unit_1","NS",1,2147483647,1,"([""money"":100,])","([""money"":10,])",3,0,"([])",4000,0,620,"chip_pet",0,"([])",0,"([])",0,0,"([])","([""attrib"":""chip_pet""])",0,0,,"item_desc_12",,0,0,0,0,"@FALSE",0,0
50012,"刻印召唤石","""50007""","""s50007""","item_name_13",7,"","@UNDEFINED","item_unit_1","NS",1,2147483647,1,"([""money"":0,])","([""money"":10,])",3,0,"([])",4000,0,618,"stone_mark",0,"([])",0,"([])",0,0,"([])","([""attrib"":""stone_mark""])",0,0,,"item_desc_13",,0,0,0,0,"@FALSE",0,0
50013,"成长召唤卷","""50013""","""s50013""","item_name_50013",7,"","@UNDEFINED","item_unit_1","NS",1,2147483647,1,"([""money"":0,])","([""money"":10,])",3,0,"([])",4000,0,618,"stone_guide",0,"([])",0,"([])",0,0,"([])","([""attrib"":""stone_guide"",""summon_list"":({3121,1122,3093})])",0,0,,"item_desc_50013",,0,0,0,0,"@FALSE",0,0
50014,"史诗召唤卷","""50014""","""s50014""","item_name_50014",7,"","@UNDEFINED","item_unit_1","NS",1,2147483647,1,"([""money"":0,])","([""money"":10,])",3,0,"([])",4000,0,618,"stone_epic",0,"([])",0,"([])",0,0,"([])","([""attrib"":""stone_epic""])",0,0,,"item_desc_50014",,0,0,0,0,"@FALSE",0,0
50100,"初级魔力魂石","""50100""",,"item_name_14",8,"@SOUL_M","@UNDEFINED","item_unit_1","NS",1,2147483647,1,"([""money"":0,])","([""money"":10,])",3,0,"([])",4000,0,618,"soul_m1",0,"([])",0,"([])",0,0,"([])","([""attrib"":""soul_m1""])",0,0,,"item_desc_14",,0,0,0,0,"@FALSE",0,0
50101,"初级火之魂石","""50101""",,"item_name_15",8,"@SOUL_F","@UNDEFINED","item_unit_1","NS",1,2147483647,1,"([""money"":0,])","([""money"":10,])",3,0,"([])",4000,0,618,"soul_f1",0,"([])",0,"([])",0,0,"([])","([""attrib"":""soul_f1""])",0,0,,"item_desc_15",,0,0,0,0,"@FALSE",0,0
50102,"初级风之魂石","""50102""",,"item_name_16",8,"@SOUL_S","@UNDEFINED","item_unit_1","NS",1,2147483647,1,"([""money"":0,])","([""money"":10,])",3,0,"([])",4000,0,618,"soul_s1",0,"([])",0,"([])",0,0,"([])","([""attrib"":""soul_s1""])",0,0,,"item_desc_16",,0,0,0,0,"@FALSE",0,0
50103,"初级水之魂石","""50103""",,"item_name_17",8,"@SOUL_W","@UNDEFINED","item_unit_1","NS",1,2147483647,1,"([""money"":0,])","([""money"":10,])",3,0,"([])",4000,0,618,"soul_w1",0,"([])",0,"([])",0,0,"([])","([""attrib"":""soul_w1""])",0,0,,"item_desc_17",,0,0,0,0,"@FALSE",0,0
50104,"中级魔力魂石","""50104""",,"item_name_18",8,"@SOUL_M","@UNDEFINED","item_unit_1","NS",1,2147483647,1,"([""money"":0,])","([""money"":10,])",3,0,"([])",4000,0,618,"soul_m2",0,"([])",0,"([])",0,0,"([])","([""attrib"":""soul_m2""])",0,0,,"item_desc_18",,0,0,0,0,"@FALSE",0,0
50105,"中级火之魂石","""50105""",,"item_name_19",8,"@SOUL_F","@UNDEFINED","item_unit_1","NS",1,2147483647,1,"([""money"":0,])","([""money"":10,])",3,0,"([])",4000,0,618,"soul_f2",0,"([])",0,"([])",0,0,"([])","([""attrib"":""soul_f2""])",0,0,,"item_desc_19",,0,0,0,0,"@FALSE",0,0
50106,"中级风之魂石","""50106""",,"item_name_20",8,"@SOUL_S","@UNDEFINED","item_unit_1","NS",1,2147483647,1,"([""money"":0,])","([""money"":10,])",3,0,"([])",4000,0,618,"soul_s2",0,"([])",0,"([])",0,0,"([])","([""attrib"":""soul_s2""])",0,0,,"item_desc_20",,0,0,0,0,"@FALSE",0,0
50107,"中级水之魂石","""50107""",,"item_name_21",8,"@SOUL_W","@UNDEFINED","item_unit_1","NS",1,2147483647,1,"([""money"":0,])","([""money"":10,])",3,0,"([])",4000,0,618,"soul_w2",0,"([])",0,"([])",0,0,"([])","([""attrib"":""soul_w2""])",0,0,,"item_desc_21",,0,0,0,0,"@FALSE",0,0
50108,"高级魔力魂石","""50108""",,"item_name_22",8,"@SOUL_M","@UNDEFINED","item_unit_1","NS",1,2147483647,1,"([""money"":0,])","([""money"":10,])",3,0,"([])",4000,0,618,"soul_m3",0,"([])",0,"([])",0,0,"([])","([""attrib"":""soul_m3""])",0,0,,"item_desc_22",,0,0,0,0,"@FALSE",0,0
50109,"高级火之魂石","""50109""",,"item_name_23",8,"@SOUL_F","@UNDEFINED","item_unit_1","NS",1,2147483647,1,"([""money"":0,])","([""money"":10,])",3,0,"([])",4000,0,618,"soul_f3",0,"([])",0,"([])",0,0,"([])","([""attrib"":""soul_f3""])",0,0,,"item_desc_23",,0,0,0,0,"@FALSE",0,0
50110,"高级风之魂石","""50110""",,"item_name_24",8,"@SOUL_S","@UNDEFINED","item_unit_1","NS",1,2147483647,1,"([""money"":0,])","([""money"":10,])",3,0,"([])",4000,0,618,"soul_s3",0,"([])",0,"([])",0,0,"([])","([""attrib"":""soul_s3""])",0,0,,"item_desc_24",,0,0,0,0,"@FALSE",0,0
50111,"高级水之魂石","""50111""",,"item_name_25",8,"@SOUL_W","@UNDEFINED","item_unit_1","NS",1,2147483647,1,"([""money"":0,])","([""money"":10,])",3,0,"([])",4000,0,618,"soul_w3",0,"([])",0,"([])",0,0,"([])","([""attrib"":""soul_w3""])",0,0,,"item_desc_25",,0,0,0,0,"@FALSE",0,0
50112,"初级光明魂石","""50112""",,"item_name_26",8,"@SOUL_L","@UNDEFINED","item_unit_1","NS",1,2147483647,1,"([""money"":0,])","([""money"":10,])",3,0,"([])",4000,0,618,"soul_l1",0,"([])",0,"([])",0,0,"([])","([""attrib"":""soul_l1""])",0,0,,"item_desc_26",,0,0,0,0,"@FALSE",0,0
50113,"中级光明魂石","""50113""",,"item_name_27",8,"@SOUL_L","@UNDEFINED","item_unit_1","NS",1,2147483647,1,"([""money"":0,])","([""money"":10,])",3,0,"([])",4000,0,618,"soul_l2",0,"([])",0,"([])",0,0,"([])","([""attrib"":""soul_l2""])",0,0,,"item_desc_27",,0,0,0,0,"@FALSE",0,0
50114,"高级光明魂石","""50114""",,"item_name_28",8,"@SOUL_L","@UNDEFINED","item_unit_1","NS",1,2147483647,1,"([""money"":0,])","([""money"":10,])",3,0,"([])",4000,0,618,"soul_l3",0,"([])",0,"([])",0,0,"([])","([""attrib"":""soul_l3""])",0,0,,"item_desc_28",,0,0,0,0,"@FALSE",0,0
50115,"初级黑暗魂石","""50115""",,"item_name_29",8,"@SOUL_D","@UNDEFINED","item_unit_1","NS",1,2147483647,1,"([""money"":0,])","([""money"":10,])",3,0,"([])",4000,0,618,"soul_d1",0,"([])",0,"([])",0,0,"([])","([""attrib"":""soul_d1""])",0,0,,"item_desc_29",,0,0,0,0,"@FALSE",0,0
50116,"中级黑暗魂石","""50116""",,"item_name_30",8,"@SOUL_D","@UNDEFINED","item_unit_1","NS",1,2147483647,1,"([""money"":0,])","([""money"":10,])",3,0,"([])",4000,0,618,"soul_d2",0,"([])",0,"([])",0,0,"([])","([""attrib"":""soul_d2""])",0,0,,"item_desc_30",,0,0,0,0,"@FALSE",0,0
50117,"高级黑暗魂石","""50117""",,"item_name_31",8,"@SOUL_D","@UNDEFINED","item_unit_1","NS",1,2147483647,1,"([""money"":0,])","([""money"":10,])",3,0,"([])",4000,0,618,"soul_d3",0,"([])",0,"([])",0,0,"([])","([""attrib"":""soul_d3""])",0,0,,"item_desc_31",,0,0,0,0,"@FALSE",0,0
50200,"武器精炼石","""50200""",,"item_name_32",9,"","@UNDEFINED","item_unit_1",,0,,0,"([""money"":0,])","([""money"":10,])",3,0,"([])",0,0,0,0,0,"([])",0,"([])",0,0,"([])","([])",0,0,,"item_desc_32",,0,0,0,0,"@FALSE",0,0
50201,"铠甲精炼石","""50201""",,"item_name_33",9,"","@UNDEFINED","item_unit_1",,0,,0,"([""money"":0,])","([""money"":10,])",3,0,"([])",0,0,0,0,0,"([])",0,"([])",0,0,"([])","([])",0,0,,"item_desc_33",,0,0,0,0,"@FALSE",0,0
50202,"鞋子精炼石","""50202""",,"item_name_34",9,"","@UNDEFINED","item_unit_1",,0,,0,"([""money"":0,])","([""money"":10,])",3,0,"([])",0,0,0,0,0,"([])",0,"([])",0,0,"([])","([])",0,0,,"item_desc_34",,0,0,0,0,"@FALSE",0,0
50203,"护符精炼石","""50203""",,"item_name_35",9,"","@UNDEFINED","item_unit_1",,0,,0,"([""money"":0,])","([""money"":10,])",3,0,"([])",0,0,0,0,0,"([])",0,"([])",0,0,"([])","([])",0,0,,"item_desc_35",,0,0,0,0,"@FALSE",0,0
50204,"项链精炼石","""50204""",,"item_name_36",9,"","@UNDEFINED","item_unit_1",,0,,0,"([""money"":0,])","([""money"":10,])",3,0,"([])",0,0,0,0,0,"([])",0,"([])",0,0,"([])","([])",0,0,,"item_desc_36",,0,0,0,0,"@FALSE",0,0
50205,"戒指精炼石","""50205""",,"item_name_37",9,"","@UNDEFINED","item_unit_1",,0,,0,"([""money"":0,])","([""money"":10,])",3,0,"([])",0,0,0,0,0,"([])",0,"([])",0,0,"([])","([])",0,0,,"item_desc_37",,0,0,0,0,"@FALSE",0,0
50206,"武器重置石","""50206""",,"item_name_38",9,"","@UNDEFINED","item_unit_1",,0,,0,"([""money"":0,])","([""money"":10,])",3,0,"([])",0,0,0,0,0,"([])",0,"([])",0,0,"([])","([])",0,0,,"item_desc_38",,0,0,0,0,"@FALSE",0,0
50207,"铠甲重置石","""50207""",,"item_name_39",9,"","@UNDEFINED","item_unit_1",,0,,0,"([""money"":0,])","([""money"":10,])",3,0,"([])",0,0,0,0,0,"([])",0,"([])",0,0,"([])","([])",0,0,,"item_desc_39",,0,0,0,0,"@FALSE",0,0
50208,"鞋子重置石","""50208""",,"item_name_40",9,"","@UNDEFINED","item_unit_1",,0,,0,"([""money"":0,])","([""money"":10,])",3,0,"([])",0,0,0,0,0,"([])",0,"([])",0,0,"([])","([])",0,0,,"item_desc_40",,0,0,0,0,"@FALSE",0,0
50209,"护符重置石","""50209""",,"item_name_41",9,"","@UNDEFINED","item_unit_1",,0,,0,"([""money"":0,])","([""money"":10,])",3,0,"([])",0,0,0,0,0,"([])",0,"([])",0,0,"([])","([])",0,0,,"item_desc_41",,0,0,0,0,"@FALSE",0,0
50210,"项链重置石","""50210""",,"item_name_42",9,"","@UNDEFINED","item_unit_1",,0,,0,"([""money"":0,])","([""money"":10,])",3,0,"([])",0,0,0,0,0,"([])",0,"([])",0,0,"([])","([])",0,0,,"item_desc_42",,0,0,0,0,"@FALSE",0,0
50211,"戒指重置石","""50211""",,"item_name_43",9,"","@UNDEFINED","item_unit_1",,0,,0,"([""money"":0,])","([""money"":10,])",3,0,"([])",0,0,0,0,0,"([])",0,"([])",0,0,"([])","([])",0,0,,"item_desc_43",,0,0,0,0,"@FALSE",0,0
50300,"钻石","""50300""","""s50300""","item_name_44",13,"","@UNDEFINED","item_unit_2",,1,2147483647,1,"([""money"":0,])","([""money"":10,])","@UNDEFINED",0,"([])",4000,0,618,"gold_coin",0,"([])",0,"([])",0,0,"([])","([])",0,0,,"item_desc_44",,0,0,0,0,"@FALSE",0,0
50301,"金币","""s50301""","""s50301""","item_name_45",13,"","@UNDEFINED","item_unit_2",,1,2147483647,1,"([""money"":1,])","([""money"":1,])","@UNDEFINED",0,"([])",4000,0,618,"money",0,"([])",0,"([])",0,0,"([])","([])",0,0,,"item_desc_45",,0,0,0,0,"@FALSE",0,0
50408,"套装箱子·白色","""50400""",,"item_name_46",127,"","@UNDEFINED","item_unit_2","NS",0,,1,"([""money"":0,])","([""money"":10,])",1,26000,"([""container_group"":@POS_ITEM_GROUP])",4000,0,433,0,0,"([])",2000,"([""rarity"" : 0 ])",7700,0,"([])","([])",0,0,,"item_desc_46",,0,0,0,0,"@FALSE",0,0
50401,"套装箱子·绿色","""50401""",,"item_name_47",127,"","@UNDEFINED","item_unit_2","NS",0,,1,"([""money"":0,])","([""money"":10,])",2,26000,"([""container_group"":@POS_ITEM_GROUP])",4000,0,433,0,0,"([])",2000,"([""rarity"" : 1 ])",7700,0,"([])","([])",0,0,,"item_desc_47",,0,0,0,0,"@FALSE",0,0
50402,"套装箱子·蓝色","""50402""",,"item_name_48",127,"","@UNDEFINED","item_unit_2","NS",0,,1,"([""money"":0,])","([""money"":10,])",3,26000,"([""container_group"":@POS_ITEM_GROUP])",4000,0,433,0,0,"([])",2000,"([""rarity"" : 2 ])",7700,0,"([])","([])",0,0,,"item_desc_48",,0,0,0,0,"@FALSE",0,0
50403,"套装箱子·紫色","""50403""",,"item_name_49",127,"","@UNDEFINED","item_unit_2","NS",0,,1,"([""money"":0,])","([""money"":10,])",4,26000,"([""container_group"":@POS_ITEM_GROUP])",4000,0,433,0,0,"([])",2000,"([""rarity"" : 3 ])",7700,0,"([])","([])",0,0,,"item_desc_49",,0,0,0,0,"@FALSE",0,0
50404,"套装箱子·橙色","""50404""",,"item_name_50",127,"","@UNDEFINED","item_unit_2","NS",0,,1,"([""money"":0,])","([""money"":10,])",5,26000,"([""container_group"":@POS_ITEM_GROUP])",4000,0,433,0,0,"([])",2000,"([""rarity"" : 4 ])",7700,0,"([])","([])",0,0,,"item_desc_50",,0,0,0,0,"@FALSE",0,0
50405,"套装箱子·6星橙色可选","""50404""",,"item_name_50405",127,"","@UNDEFINED","item_unit_2","NS",0,,1,"([""money"":0,])","([""money"":10,])",5,26001,"([""amount"":6, ""container_group"":@POS_ITEM_GROUP])",4000,0,433,0,0,"([])",2001,"([""rarity"" : 4 ])",0,0,"([])","([""can_select_suit"":@TRUE])",0,0,,"item_desc_50405",,0,0,0,0,"@FALSE",0,0
51000,"体力","""s51000""","""s51000""","item_name_71",49,"","@UNDEFINED","item_unit_3",,1,2147483647,1,"([""money"":0,])","([""money"":10,])","@UNDEFINED",0,"([])",4000,0,618,"life",0,"([])",0,"([])",0,0,"([])","([])",0,0,,"item_desc_71",,0,0,0,0,"@FALSE",0,0
51001,"随机使魔","""51001""","""s51001""","item_name_72",48,"","@UNDEFINED","item_unit_3","NS",1,2147483647,1,"([""money"":0,])","([""money"":10,])","@UNDEFINED",0,"([])",0,0,0,0,0,"([])",0,"([])",0,0,"([])","([])",0,0,,"item_desc_72",,0,0,0,0,"@FALSE",0,0
51002,"随机装备","""51001""","""s51002""","item_name_73",48,"","@UNDEFINED","item_unit_3","NS",1,2147483647,1,"([""money"":0,])","([""money"":10,])","@UNDEFINED",0,"([])",0,0,0,0,0,"([])",0,"([])",0,0,"([])","([])",0,0,,"item_desc_73",,0,0,0,0,"@FALSE",0,0
51003,"随机经验波利","""51001""","""s51003""","item_name_74",48,"","@UNDEFINED","item_unit_3","NS",1,2147483647,1,"([""money"":0,])","([""money"":10,])","@UNDEFINED",0,"([])",0,0,0,0,0,"([])",0,"([])",0,0,"([])","([])",0,0,,"item_desc_74",,0,0,0,0,"@FALSE",0,0
51004,"竞技场券","""s51004""","""s51004""","item_name_75",48,"","@UNDEFINED","item_unit_3",,1,2147483647,1,"([""money"":0,])","([""money"":10,])","@UNDEFINED",0,"([])",4000,0,618,"ap",0,"([])",0,"([])",0,0,"([])","([])",0,0,,"item_desc_75",,0,0,0,0,"@FALSE",0,0
51005,"升星波利","""51005""","""s51005""","item_name_76",49,"","@UNDEFINED","item_unit_3","NS",1,2147483647,1,"([""money"":0,])","([""money"":10,])","@UNDEFINED",0,"([])",0,0,0,0,0,"([])",0,"([])",0,0,"([])","([])",0,0,,"item_desc_76",,0,0,0,0,"@FALSE",0,0
51006,"友情点","""51006""","""s51006""","item_name_77",49,"","@UNDEFINED","item_unit_3","NS",1,2147483647,1,"([""money"":0,])","([""money"":10,])","@UNDEFINED",0,"([])",0,0,0,0,0,"([])",0,"([])",0,0,"([])","([])",0,0,,"item_desc_77",,0,0,0,0,"@FALSE",0,0
51007,"三星绿色活力套装×6","""50401""",,"item_name_78",127,"","@UNDEFINED","item_unit_3","NS",1,2147483647,1,"([""money"":0,])","([""money"":10,])","@UNDEFINED",26000,"([""container_group"":@POS_ITEM_GROUP])",4000,0,433,0,0,"([])",2000,"([])",0,0,"([])","([])",0,0,,"item_desc_78",,0,0,0,0,"@FALSE",0,0
51008,"三星绿色暴怒套装×6","""50401""",,"item_name_79",127,"","@UNDEFINED","item_unit_3","NS",1,2147483647,1,"([""money"":0,])","([""money"":10,])","@UNDEFINED",26000,"([""container_group"":@POS_ITEM_GROUP])",4000,0,433,0,0,"([])",2000,"([])",0,0,"([])","([])",0,0,,"item_desc_79",,0,0,0,0,"@FALSE",0,0
51009,"四星蓝色强攻套装×6","""50402""",,"item_name_80",127,"","@UNDEFINED","item_unit_3","NS",1,2147483647,1,"([""money"":0,])","([""money"":10,])","@UNDEFINED",26000,"([""container_group"":@POS_ITEM_GROUP])",4000,0,433,0,0,"([])",2000,"([])",0,0,"([])","([])",0,0,,"item_desc_80",,0,0,0,0,"@FALSE",0,0
51010,"二星彩虹怪×2（显示用）","""s51010""",,"item_name_81",48,"","@UNDEFINED","item_unit_3","NS",1,2147483647,1,"([""money"":0,])","([""money"":10,])","@UNDEFINED",26001,"([""amount"":2,""container_group"":@POS_PET_GROUP])",4000,0,433,0,0,"([])",0,"([])",0,0,"([])","([])",0,0,,"item_desc_81",,0,0,0,0,"@FALSE",0,0
51011,"三属性高阶经验波利×3（显示用）","""51011""",,"item_name_82",48,"","@UNDEFINED","item_unit_3","NS",1,2147483647,1,"([""money"":0,])","([""money"":10,])","@UNDEFINED",26001,"([""amount"":3,""container_group"":@POS_PET_GROUP])",4000,0,433,0,0,"([])",0,"([])",0,0,"([])","([])",0,0,,"item_desc_82",,0,0,0,0,"@FALSE",0,0
51012,"三星蓝色聚能套装×2","""50401""",,"item_name_84",127,"","@UNDEFINED","item_unit_3","NS",1,2147483647,1,"([""money"":0,])","([""money"":10,])","@UNDEFINED",26000,"([""container_group"":@POS_ITEM_GROUP])",4000,0,433,0,0,"([])",2000,"([])",0,0,"([])","([])",0,0,,"item_desc_84",,0,0,0,0,"@FALSE",0,0
51013,"三属性召唤卷×1","""51013""",,"item_name_51013",127,"","@UNDEFINED","item_unit_3","NS",1,2147483647,1,"([""money"":0,])","([""money"":10,])",3,0,"([])",4000,0,621,"({([""attrib"":""stone_fire"",""amount"":1]), ([""attrib"":""stone_wind"",""amount"":1]), ([""attrib"":""stone_water"",""amount"":1]),})",0,"([])",0,"([])",0,0,"([])","([])",0,0,,"item_desc_51013",,0,0,0,0,"@FALSE",0,0
51014,"功勋","""51014""",,"item_name_51014",13,"","@UNDEFINED","item_unit_2",,1,2147483647,1,"([""money"":0,])","([""money"":10,])","@UNDEFINED",0,"([])",4000,0,618,"exploit",0,"([])",0,"([])",0,0,"([])","([])",0,0,,"item_desc_51014",,0,0,0,0,"@FALSE",0,0
51015,"公会喇叭","""51015""",,"item_name_51015",17,"","@UNDEFINED","item_unit_2",,1,2147483647,1,"([""money"":0,])","([""money"":10,])","@UNDEFINED",0,"([])",4000,0,618,"gh",0,"([])",0,"([])",0,0,"([])","([])",0,0,,"item_desc_51015",,0,0,0,0,"@FALSE",0,0
51016,"双倍经验 0.5 小时","""50317""",,"item_name_51016",51,"","@UNDEFINED","item_unit_3",,1,2147483647,1,"([""money"":0,])","([""money"":10,])","@UNDEFINED",0,"([])",4000,0,433,0,0,"([])",2002,"([""multiple"" : 2, ""valid_time"" : 1800])",0,0,"([])","([""show_bonus_dialog"":@TRUE,""attrib"" : ""exp"", ""activity_id"" : ""double_exp""])",0,0,,"item_desc_51016",,0,0,0,0,"@FALSE",0,0
51017,"自动圣域30天","""51017""",,"item_name_51017",51,"","@UNDEFINED","item_unit_3",,1,2147483647,1,"([""money"":0,])","([""money"":10,])","@UNDEFINED",0,"([])",4000,0,433,0,0,"([])",2019,"([""valid_time"" : 2592000])",0,0,"([])","([""attrib"" : ""auto_dungeons""])",0,0,,"item_desc_51017",,0,0,0,0,"@FALSE",0,0
51018,"自动爬塔30天","""51018""",,"item_name_51018",51,"","@UNDEFINED","item_unit_3",,1,2147483647,1,"([""money"":0,])","([""money"":10,])","@UNDEFINED",0,"([])",4000,0,433,0,0,"([])",2019,"([""valid_time"" : 2592000])",0,0,"([])","([""attrib"" : ""auto_tower""])",0,0,,"item_desc_51018",,0,0,0,0,"@FALSE",0,0
51019,"四星紫色暴怒套装×6","""50403""",,"item_name_51019",127,"","@UNDEFINED","item_unit_3","NS",1,2147483647,1,"([""money"":0,])","([""money"":10,])","@UNDEFINED",26000,"([""container_group"":@POS_ITEM_GROUP])",4000,0,433,0,0,"([])",2000,"([])",0,0,"([])","([])",0,0,,"item_desc_51019",,0,0,0,0,"@FALSE",0,0
"# 商城道具·补给品",,,,,,,,,,,,,,,,,,,,,,,,,,,,,,,,,,,,,,,,,
50302,"少量水晶","""50302""",,"item_name_53",13,"","@UNDEFINED","item_unit_2",,1,2147483647,1,"([""money"":0,])","([""money"":10,])","@UNDEFINED",0,"([])",4000,0,433,0,0,"([])",2003,"([ ""gold_coin"" : 72 ])",0,0,"([])","([""attrib"":""gold_coin""])",0,23000,"item_desc_50302","item_desc_53",,0,0,0,0,"@FALSE",0,0
50303,"少量金钱","""50303""",,"item_name_54",13,"","@UNDEFINED","item_unit_2",,1,2147483647,1,"([""money"":1,])","([""money"":1,])","@UNDEFINED",0,"([])",4000,0,433,0,0,"([])",2003,"([""money"" : 40000 ])",0,0,"([])","([""attrib"":""money""])",0,0,,"item_desc_54",,0,0,0,0,"@FALSE",0,0
50304,"一把水晶","""50304""",,"item_name_55",13,"","@UNDEFINED","item_unit_2",,1,2147483647,1,"([""money"":0,])","([""money"":10,])","@UNDEFINED",0,"([])",4000,0,433,0,0,"([])",2003,"([""gold_coin"" : 120])",0,0,"([])","([""attrib"":""gold_coin""])",0,23000,"item_desc_50304","item_desc_55",,0,0,0,0,"@FALSE",0,0
50305,"一堆金钱","""50305""",,"item_name_56",13,"","@UNDEFINED","item_unit_2",,1,2147483647,1,"([""money"":1,])","([""money"":1,])","@UNDEFINED",0,"([])",4000,0,433,0,0,"([])",2003,"([""money"" : 40000 ])",0,0,"([])","([""attrib"":""money""])",0,0,,"item_desc_56",,0,0,0,0,"@FALSE",0,0
50306,"一堆水晶","""50306""",,"item_name_57",13,"","@UNDEFINED","item_unit_2",,1,2147483647,1,"([""money"":0,])","([""money"":10,])","@UNDEFINED",0,"([])",4000,0,433,0,0,"([])",2003,"([""gold_coin"" : 240])",0,0,"([])","([""attrib"":""gold_coin""])",0,23000,"item_desc_50306","item_desc_57",,0,0,0,0,"@FALSE",0,0
50307,"一袋金钱","""50307""",,"item_name_58",13,"","@UNDEFINED","item_unit_2",,1,2147483647,1,"([""money"":1,])","([""money"":1,])","@UNDEFINED",0,"([])",4000,0,433,0,0,"([])",2003,"([ ""money"" : 140000 ])",0,0,"([])","([""attrib"":""money""])",0,0,,"item_desc_58",,0,0,0,0,"@FALSE",0,0
50308,"一袋水晶","""50308""",,"item_name_59",13,"","@UNDEFINED","item_unit_2",,1,2147483647,1,"([""money"":0,])","([""money"":10,])","@UNDEFINED",0,"([])",4000,0,433,0,0,"([])",2003,"([""gold_coin"" : 480])",0,0,"([])","([""attrib"":""gold_coin""])",0,23000,"item_desc_50308","item_desc_59",,0,0,0,0,"@FALSE",0,0
50309,"一箱金钱","""50309""",,"item_name_60",13,"","@UNDEFINED","item_unit_2",,1,2147483647,1,"([""money"":1,])","([""money"":1,])","@UNDEFINED",0,"([])",4000,0,433,0,0,"([])",2003,"([""money"" : 1100000 ])",0,0,"([])","([""attrib"":""money""])",0,0,,"item_desc_60",,0,0,0,0,"@FALSE",0,0
50310,"一盒水晶","""50310""",,"item_name_61",13,"","@UNDEFINED","item_unit_2",,1,2147483647,1,"([""money"":0,])","([""money"":10,])","@UNDEFINED",0,"([])",4000,0,433,0,0,"([])",2003,"([""gold_coin"" : 1200])",0,0,"([])","([""attrib"":""gold_coin""])",0,23000,"item_desc_50310","item_desc_61",,0,0,0,0,"@FALSE",0,0
50311,"一箱水晶","""50311""",,"item_name_62",13,"","@UNDEFINED","item_unit_2",,1,2147483647,1,"([""money"":0,])","([""money"":10,])","@UNDEFINED",0,"([])",4000,0,433,0,0,"([])",2009,"([""gold_coin"" : 2400])",0,0,"([])","([""attrib"":""gold_coin""])",0,23001,"item_desc_50311","item_desc_62",,0,0,0,0,"@FALSE",0,0
50312,"体力补充","""50312""",,"item_name_63",49,"","@UNDEFINED","item_unit_3",,1,2147483647,1,"([""money"":0,])","([""money"":10,])","@UNDEFINED",0,"([])",4000,0,433,0,0,"([])",2008,"([""life"" : 85])",0,0,"([])","([""attrib"":""life""])",0,0,,"item_desc_63",,0,0,0,0,"@FALSE",0,0
50313,"挑战券补充","""50313""",,"item_name_64",50,"","@UNDEFINED","item_unit_3",,1,2147483647,1,"([""money"":0,])","([""money"":10,])","@UNDEFINED",0,"([])",4000,0,433,0,0,"([])",2008,"([""ap"" : ""max""])",0,0,"([])","([""attrib"":""ap""])",0,0,,"item_desc_64",,0,0,0,0,"@FALSE",0,0
"# 商城道具·功勋兑换",,,,,,,,,,,,,,,,,,,,,,,,,,,,,,,,,,,,,,,,,
50314,"随机经验波利（功勋兑换）","""50314""",,"item_name_65",48,"","@UNDEFINED","item_unit_3",,1,2147483647,1,"([""money"":0,])","([""money"":10,])","@UNDEFINED",26001,"([""amount"":1,""container_group"":@POS_PET_GROUP])",4000,0,433,0,0,"([])",2004,"([5001 : 50, 5002 : 50, 5003 : 50])",0,0,"([])","([])",0,0,,"item_desc_65",,0,0,0,0,"@FALSE",0,0
"# 商城道具·辅助道具",,,,,,,,,,,,,,,,,,,,,,,,,,,,,,,,,,,,,,,,,
50315,"基础召唤礼包","""50315""",,"item_name_66",51,"","@UNDEFINED","item_unit_3",,1,2147483647,1,"([""money"":0,])","([""money"":10,])","@UNDEFINED",0,"([])",4000,0,433,0,0,"([])",2006,"([""goods_list"" : ({ ([""class_id"" : 50001, ""amount"" : 3]), ([""class_id"" : 50314, ""amount"" : 1]), ([""class_id"" : 50301, ""amount"" : 30000]) }) ])",0,0,"([])","([])",0,0,,"item_desc_66",,0,0,0,0,"@FALSE",0,0
50316,"进阶召唤礼包","""50316""",,"item_name_67",51,"","@UNDEFINED","item_unit_3",,1,2147483647,1,"([""money"":0,])","([""money"":10,])","@UNDEFINED",0,"([])",4000,0,433,0,0,"([])",2006,"([""goods_list"" : ({ ([""class_id"" : 50001, ""amount"" : 11]), ([""class_id"" : 50321, ""amount"" : 1]), ([""class_id"" : 50301, ""amount"" : 100000]) }) ])",0,0,"([])","([])",0,0,,"item_desc_67",,0,0,0,0,"@FALSE",0,0
50317,"双倍经验 1 天","""50317""",,"item_name_68",51,"","@UNDEFINED","item_unit_3",,1,2147483647,1,"([""money"":0,])","([""money"":10,])","@UNDEFINED",0,"([])",4000,0,433,0,0,"([])",2002,"([""multiple"" : 2, ""valid_time"" : 86400])",0,0,"([])","([""show_bonus_dialog"":@TRUE,""attrib"" : ""exp"", ""activity_id"" : ""double_exp""])",0,0,,"item_desc_68",,0,0,0,0,"@FALSE",0,0
50318,"双倍经验 3 天","""50317""",,"item_name_69",51,"","@UNDEFINED","item_unit_3",,1,2147483647,1,"([""money"":0,])","([""money"":10,])","@UNDEFINED",0,"([])",4000,0,433,0,0,"([])",2002,"([""multiple"" : 2, ""valid_time"" : 259200])",0,0,"([])","([""show_bonus_dialog"":@TRUE,""attrib"" : ""exp"", ""activity_id"" : ""double_exp""])",0,0,,"item_desc_69",,0,0,0,0,"@FALSE",0,0
50319,"改名卡","""50319""",,"item_name_70",51,"","@UNDEFINED","item_unit_3",,1,2147483647,1,"([""money"":0,])","([""money"":10,])","@UNDEFINED",0,"([])",4000,0,433,0,0,"([])",2005,"([])",0,0,"([])","([""can_modify_char_name"":@TRUE])",0,0,,"item_desc_70",,0,0,0,0,"@FALSE",0,0
50320,"双倍经验 12 小时","""50317""",,"item_name_50320",51,"","@UNDEFINED","item_unit_3",,1,2147483647,1,"([""money"":0,])","([""money"":10,])","@UNDEFINED",0,"([])",4000,0,433,0,0,"([])",2002,"([""multiple"" : 2, ""valid_time"" : 43200])",0,0,"([])","([""show_bonus_dialog"":@TRUE,""attrib"" : ""exp"", ""activity_id"" : ""double_exp""])",0,0,,"item_desc_50320",,0,0,0,0,"@FALSE",0,0
50321,"三属性经验波利各×1","""50314""",,"item_name_50314",48,"","@UNDEFINED","item_unit_3",,1,2147483647,1,"([""money"":0,])","([""money"":10,])","@UNDEFINED",26001,"([""amount"":3,""container_group"":@POS_PET_GROUP])",4000,0,433,0,0,"([])",2007,"([""pet_list"" : ({5001, 5002, 5003})])",0,0,"([])","([])",0,0,,"item_desc_50321",,0,0,0,0,"@FALSE",0,0
50323,"双倍经验 6 小时","""50317""",,"item_name_50323",51,"","@UNDEFINED","item_unit_3",,1,2147483647,1,"([""money"":0,])","([""money"":10,])","@UNDEFINED",0,"([])",4000,0,433,0,0,"([])",2002,"([""multiple"" : 2, ""valid_time"" : 21600])",0,0,"([])","([""show_bonus_dialog"":@TRUE,""attrib"" : ""exp"", ""activity_id"" : ""double_exp""])",0,0,,"item_desc_50323",,0,0,0,0,"@FALSE",0,0
50324,"刻印召唤礼包 I","""50324""",,"item_name_50324",51,"","@UNDEFINED","item_unit_3",,1,2147483647,1,"([""money"":0,])","([""money"":10,])","@UNDEFINED",0,"([])",4000,0,433,0,0,"([])",2006,"([""goods_list"" : ({ ([""class_id"" : 50012, ""amount"" : 60, ""show_effect"":1]), ([""class_id"" : 50300, ""amount"" : 225]), ([""class_id"" : 50301, ""amount"" : 24000]) }) ])",0,0,"([])","([])",0,0,,"item_desc_50324",,0,0,0,0,"@FALSE",0,0
50325,"刻印召唤礼包 II","""50325""",,"item_name_50325",51,"","@UNDEFINED","item_unit_3",,1,2147483647,1,"([""money"":0,])","([""money"":10,])","@UNDEFINED",0,"([])",4000,0,433,0,0,"([])",2006,"([""goods_list"" : ({ ([""class_id"" : 50012, ""amount"" : 180, ""show_effect"":1]), ([""class_id"" : 50300, ""amount"" : 700]), ([""class_id"" : 50301, ""amount"" : 72000]) }) ])",0,0,"([])","([])",0,0,,"item_desc_50324",,0,0,0,0,"@FALSE",0,0
50326,"刻印召唤礼包 III","""50326""",,"item_name_50326",51,"","@UNDEFINED","item_unit_3",,1,2147483647,1,"([""money"":0,])","([""money"":10,])","@UNDEFINED",0,"([])",4000,0,433,0,0,"([])",2006,"([""goods_list"" : ({ ([""class_id"" : 50012, ""amount"" : 320, ""show_effect"":1]), ([""class_id"" : 50300, ""amount"" : 1300]), ([""class_id"" : 50301, ""amount"" : 120000]) }) ])",0,0,"([])","([])",0,0,,"item_desc_50324",,0,0,0,0,"@FALSE",0,0
50327,"刻印召唤礼包 IV","""50327""",,"item_name_50327",51,"","@UNDEFINED","item_unit_3",,1,2147483647,1,"([""money"":0,])","([""money"":10,])","@UNDEFINED",0,"([])",4000,0,433,0,0,"([])",2006,"([""goods_list"" : ({ ([""class_id"" : 50012, ""amount"" : 700, ""show_effect"":1]), ([""class_id"" : 50300, ""amount"" : 2800]), ([""class_id"" : 50301, ""amount"" : 240000]) }) ])",0,0,"([])","([])",0,0,,"item_desc_50324",,0,0,0,0,"@FALSE",0,0
50328,"光暗召唤礼包 I","""50328""",,"item_name_50328",51,"","@UNDEFINED","item_unit_3",,1,2147483647,1,"([""money"":0,])","([""money"":10,])","@UNDEFINED",0,"([])",4000,0,433,0,0,"([])",2006,"([""goods_list"" : ({ ([""class_id"" : 50008, ""amount"" : 50, ""show_effect"":1]), ([""class_id"" : 50300, ""amount"" : 700]), ([""class_id"" : 50301, ""amount"" : 72000]) }) ])",0,0,"([])","([])",0,0,,"item_desc_50328",,0,0,0,0,"@FALSE",0,0
50329,"光暗召唤礼包 II","""50329""",,"item_name_50329",51,"","@UNDEFINED","item_unit_3",,1,2147483647,1,"([""money"":0,])","([""money"":10,])","@UNDEFINED",0,"([])",4000,0,433,0,0,"([])",2006,"([""goods_list"" : ({ ([""class_id"" : 50008, ""amount"" : 85, ""show_effect"":1]), ([""class_id"" : 50300, ""amount"" : 1200]), ([""class_id"" : 50301, ""amount"" : 120000]) }) ])",0,0,"([])","([])",0,0,,"item_desc_50328",,0,0,0,0,"@FALSE",0,0
50330,"光暗召唤礼包 III","""50330""",,"item_name_50330",51,"","@UNDEFINED","item_unit_3",,1,2147483647,1,"([""money"":0,])","([""money"":10,])","@UNDEFINED",0,"([])",4000,0,433,0,0,"([])",2006,"([""goods_list"" : ({ ([""class_id"" : 50008, ""amount"" : 120, ""show_effect"":1]), ([""class_id"" : 50300, ""amount"" : 1800]), ([""class_id"" : 50301, ""amount"" : 168000]) }) ])",0,0,"([])","([])",0,0,,"item_desc_50328",,0,0,0,0,"@FALSE",0,0
50331,"光暗召唤礼包 IV","""50331""",,"item_name_50331",51,"","@UNDEFINED","item_unit_3",,1,2147483647,1,"([""money"":0,])","([""money"":10,])","@UNDEFINED",0,"([])",4000,0,433,0,0,"([])",2006,"([""goods_list"" : ({ ([""class_id"" : 50008, ""amount"" : 175, ""show_effect"":1]), ([""class_id"" : 50300, ""amount"" : 2800]), ([""class_id"" : 50301, ""amount"" : 240000]) }) ])",0,0,"([])","([])",0,0,,"item_desc_50328",,0,0,0,0,"@FALSE",0,0
50332,"月卡礼包","""50332""",,"item_name_50332",51,"","@UNDEFINED","item_unit_3",,1,2147483647,1,"([""money"":0,])","([""money"":10,])","@UNDEFINED",0,"([])",4000,0,433,0,0,"([])",2015,"([""goods_list"" : ({ ([""gold_coin"" : 120 ]), ([""attrib"" : ""auto_dungeons"", ""amount"" : 1, ""display_time"":1]), ([""attrib"" : ""auto_tower"", ""amount"" : 1, ""display_time"":1]) }) ])",0,0,"([])","([])",0,0,,"item_desc_50332",,0,0,0,0,"@FALSE",0,0
50333,"新手超惠礼包","""50333""",,"item_name_50333",51,"","@UNDEFINED","item_unit_3",,1,2147483647,1,"([""money"":0,])","([""money"":10,])","@UNDEFINED",0,"([])",4000,0,433,0,0,"([])",0,"([""goods_list"" : ({ ([""class_id"" : 50001, ""amount"" : 1, ""show_effect"":1]), ([""class_id"" : 50301, ""amount"" : 10000]), ([""class_id"" : 51000, ""amount"" : 85]), ([""class_id"" : 50323, ""amount"" : 1]) }) ])",0,0,"([])","([])",0,0,,"item_desc_50333",,0,0,0,0,"@FALSE",0,0
50334,"特惠召唤礼包","""50334""",,"item_name_50334",51,"","@UNDEFINED","item_unit_3",,1,2147483647,1,"([""money"":0,])","([""money"":10,])","@UNDEFINED",0,"([])",4000,0,433,0,0,"([])",2012,"([])",0,0,"([])","([])",0,0,,"item_desc_50334",,0,0,0,0,"@FALSE",0,0
50335,"使魔觉醒礼包","""50335""",,"item_name_50335",51,"","@UNDEFINED","item_unit_3",,1,2147483647,1,"([""money"":0,])","([""money"":10,])","@UNDEFINED",0,"([])",4000,0,433,0,0,"([])",2006,"([""goods_list"" : ({ ([""class_id"" : 50337, ""amount"" : 1, ""show_effect"":1]), ([""class_id"" : 50300, ""amount"" : 200]), ([""class_id"" : 50301, ""amount"" : 20000]) }) ])",0,0,"([])","([])",0,0,,"item_desc_50335",,0,0,0,0,"@FALSE",0,0
50336,"装备卸载礼包","""50336""",,"item_name_50336",51,"","@UNDEFINED","item_unit_3",,1,2147483647,1,"([""money"":0,])","([""money"":10,])","@UNDEFINED",0,"([])",4000,0,433,0,0,"([])",2006,"([""goods_list"" : ({ ([""class_id"" : 50338, ""amount"" : 1, ""show_effect"":1]), ([""class_id"" : 50300, ""amount"" : 200]), ([""class_id"" : 50301, ""amount"" : 20000]) }) ])",0,0,"([])","([])",0,0,,"item_desc_50336",,0,0,0,0,"@FALSE",0,0
50337,"使魔觉醒卷","""50337""",,"item_name_50337",17,"","@UNDEFINED","item_unit_1","NS",1,2147483647,1,"([""money"":0,])","([""money"":10,])",5,0,"([])",4000,0,618,"awaken_card",0,"([])",0,"([])",0,0,"([])","([])",0,0,,"item_desc_50335",,0,0,0,0,"@FALSE",0,0
50338,"装备卸载免费卷","free_unequip_icon",,"item_name_50338",17,"","@UNDEFINED","item_unit_1","NS",1,2147483647,1,"([""money"":0,])","([""money"":10,])",5,0,"([])",4000,0,433,,0,"([])",2016,"([""valid_time"" : 86400])",0,0,"([])","([""free_unequip"":@TRUE])",0,0,,"item_desc_50338",,0,0,0,0,"@FALSE",0,0
50339,"市集刷新卷","""50339""",,"item_name_50339",17,"","@UNDEFINED","item_unit_1","NS",1,2147483647,1,"([""money"":0,])","([""money"":10,])",5,0,"([])",4000,0,618,"shop_refresh_card",0,"([])",0,"([])",0,0,"([])","([])",0,0,,"item_desc_50339",,0,0,0,0,"@FALSE",0,0
50340,"许愿卷","""50340""",,"item_name_50340",17,"","@UNDEFINED","item_unit_1","NS",1,2147483647,1,"([""money"":0,])","([""money"":10,])",5,0,"([])",4000,0,618,"lottery_card",0,"([])",0,"([])",0,0,"([])","([])",0,0,,"item_desc_50340",,0,0,0,0,"@FALSE",0,0
"# 限时礼包",,,,,,,,,,,,,,,,,,,,,,,,,,,,,,,,,,,,,,,,,
50341,"每日礼包（日常礼包）","""50341""",,"item_name_50341",51,"","@UNDEFINED","item_unit_3",,1,2147483647,1,"([""money"":0,])","([""money"":10,])","@UNDEFINED",0,"([])",4000,0,433,0,0,"([])",2014,"([""goods_list"" : ({ ([""class_id"" : 51000, ""amount"" : 120, ""single_sent"" : 1]), ([""class_id"" : 51004, ""amount"" : 10]), }) ])",0,0,"([])","([])",0,0,,"item_desc_50341",,0,0,0,0,"@FALSE",0,0
50342,"每日礼包（金币礼包）","""50342""",,"item_name_50341",51,"","@UNDEFINED","item_unit_3",,1,2147483647,1,"([""money"":0,])","([""money"":10,])","@UNDEFINED",0,"([])",4000,0,433,0,0,"([])",2014,"([""goods_list"" : ({ ([""class_id"" : 50301, ""amount"" : 100000]), ([""class_id"" : 50339, ""amount"" : 5]), }) ])",0,0,"([])","([])",0,0,,"item_desc_50341",,0,0,0,0,"@FALSE",0,0
50343,"每日礼包（神秘召唤礼包）","""50343""",,"item_name_50341",51,"","@UNDEFINED","item_unit_3",,1,2147483647,1,"([""money"":0,])","([""money"":10,])","@UNDEFINED",0,"([])",4000,0,433,0,0,"([])",2014,"([""goods_list"" : ({ ([""class_id"" : 50001, ""amount"" : 1, ""show_effect"":1]), ([""class_id"" : 50300, ""amount"" : 90]), ([""class_id"" : 50301, ""amount"" : 10000]), }) ])",0,0,"([])","([])",0,0,,"item_desc_50341",,0,0,0,0,"@FALSE",0,0
50344,"每日礼包（钻石礼包）","""50344""",,"item_name_50341",51,"","@UNDEFINED","item_unit_3",,1,2147483647,1,"([""money"":0,])","([""money"":10,])","@UNDEFINED",0,"([])",4000,0,433,0,0,"([])",2014,"([""goods_list"" : ({ ([""class_id"" : 50300, ""amount"" : 60]), ([""class_id"" : 51000, ""amount"" : 85, ""single_sent"" : 1]), ([""class_id"" : 50340, ""amount"" : 5, ""show_effect"":1]), }) ])",0,0,"([])","([])",0,0,,"item_desc_50341",,0,0,0,0,"@FALSE",0,0
50345,"每日礼包（高阶经验波利火）","""50345""",,"item_name_50341",51,"","@UNDEFINED","item_unit_3",,1,2147483647,1,"([""money"":0,])","([""money"":10,])","@UNDEFINED",0,"([])",4000,0,433,0,0,"([])",2018,"([""goods_list"" : ({ ([""class_id"" : 50300, ""amount"" : 300]), ([""class_id"" : 51000, ""amount"" : 100, ""single_sent"" : 1]), }), ""select_list"" : ({ ([""class_id"" : 5006, ""rank"" : 1, ""level"" : 15, ""amount"":10])})])",0,0,"([])","([])",0,0,,"item_desc_50341",,0,0,0,0,"@FALSE",0,0
50346,"每日礼包（高阶经验波利光）","""50345""",,"item_name_50341",51,"","@UNDEFINED","item_unit_3",,1,2147483647,1,"([""money"":0,])","([""money"":10,])","@UNDEFINED",0,"([])",4000,0,433,0,0,"([])",2018,"([""goods_list"" : ({ ([""class_id"" : 50300, ""amount"" : 300]), ([""class_id"" : 51000, ""amount"" : 100, ""single_sent"" : 1]), }), ""select_list"" : ({ ([""class_id"" : 5009, ""rank"" : 1, ""level"" : 15, ""amount"":10])})])",0,0,"([])","([])",0,0,,"item_desc_50341",,0,0,0,0,"@FALSE",0,0
50347,"每日礼包（神秘召唤礼包高级版）","""50347""",,"item_name_50341",51,"","@UNDEFINED","item_unit_3",,1,2147483647,1,"([""money"":0,])","([""money"":10,])","@UNDEFINED",0,"([])",4000,0,433,0,0,"([])",2014,"([""goods_list"" : ({ ([""class_id"" : 50001, ""amount"" : 7, ""show_effect"":1]), ([""class_id"" : 50300, ""amount"" : 200]), ([""class_id"" : 50301, ""amount"" : 70000]), }) ])",0,0,"([])","([])",0,0,,"item_desc_50341",,0,0,0,0,"@FALSE",0,0
50348,"每日礼包（刻印召唤礼包）","""50348""",,"item_name_50341",51,"","@UNDEFINED","item_unit_3",,1,2147483647,1,"([""money"":0,])","([""money"":10,])","@UNDEFINED",0,"([])",4000,0,433,0,0,"([])",2014,"([""goods_list"" : ({ ([""class_id"" : 50012, ""amount"" : 450, ""show_effect"":1]), ([""class_id"" : 50300, ""amount"" : 1500]), ([""class_id"" : 50301, ""amount"" : 90000]), }) ])",0,0,"([])","([])",0,0,,"item_desc_50341",,0,0,0,0,"@FALSE",0,0
50349,"每日礼包（光暗召唤礼包）","""50349""",,"item_name_50341",51,"","@UNDEFINED","item_unit_3",,1,2147483647,1,"([""money"":0,])","([""money"":10,])","@UNDEFINED",0,"([])",4000,0,433,0,0,"([])",2014,"([""goods_list"" : ({ ([""class_id"" : 50005, ""amount"" : 5, ""show_effect"":1]), ([""class_id"" : 50300, ""amount"" : 2400]), ([""class_id"" : 50301, ""amount"" : 50000]), }) ])",0,0,"([])","([])",0,0,,"item_desc_50341",,0,0,0,0,"@FALSE",0,0
50350,"周末特惠 I","""50350""",,"item_name_50350",51,"","@UNDEFINED","item_unit_3",,1,2147483647,1,"([""money"":0,])","([""money"":10,])","@UNDEFINED",0,"([])",4000,0,433,0,0,"([])",2013,"([""pet_list"" : ({ ([""class_id"" : 5021, ""rank"" : 1, ""amount"" : 2, ""show_effect"":1]), ([""class_id"" : 5011, ""star"" : 3, ""level"" : 25, ""amount"" : 3]), }), ""goods_list"":({ ([""class_id"" : 50300, ""amount"" : 450]), ([""class_id"" : 50301, ""amount"" : 100000]), })])",0,0,"([])","([])",0,0,,"item_desc_50350",,0,0,0,0,"@FALSE",0,0
50351,"周末特惠 II","""50351""",,"item_name_50350",51,"","@UNDEFINED","item_unit_3",,1,2147483647,1,"([""money"":0,])","([""money"":10,])","@UNDEFINED",0,"([])",4000,0,433,0,0,"([])",2014,"([""goods_list"":({ ([""class_id"" : 50005, ""amount"" : 3, ""show_effect"":1]), ([""class_id"" : 50300, ""amount"" : 450]), ([""class_id"" : 51000, ""amount"" : 50, ""single_sent"" : 1]), ([""class_id"" : 50301, ""amount"" : 100000]), })])",0,0,"([])","([])",0,0,,"item_desc_50351",,0,0,0,0,"@FALSE",0,0
50352,"每日礼包（高阶经验波利风）","""50345""",,"item_name_50341",51,"","@UNDEFINED","item_unit_3",,1,2147483647,1,"([""money"":0,])","([""money"":10,])","@UNDEFINED",0,"([])",4000,0,433,0,0,"([])",2018,"([""goods_list"" : ({ ([""class_id"" : 50300, ""amount"" : 300]), ([""class_id"" : 51000, ""amount"" : 100, ""single_sent"" : 1]), }), ""select_list"" : ({ ([""class_id"" : 5007, ""rank"" : 1, ""level"" : 15, ""amount"":10])})])",0,0,"([])","([])",0,0,,"item_desc_50341",,0,0,0,0,"@FALSE",0,0
50353,"每日礼包（高阶经验波利水）","""50345""",,"item_name_50341",51,"","@UNDEFINED","item_unit_3",,1,2147483647,1,"([""money"":0,])","([""money"":10,])","@UNDEFINED",0,"([])",4000,0,433,0,0,"([])",2018,"([""goods_list"" : ({ ([""class_id"" : 50300, ""amount"" : 300]), ([""class_id"" : 51000, ""amount"" : 100, ""single_sent"" : 1]), }), ""select_list"" : ({ ([""class_id"" : 5008, ""rank"" : 1, ""level"" : 15, ""amount"":10])})])",0,0,"([])","([])",0,0,,"item_desc_50341",,0,0,0,0,"@FALSE",0,0
50354,"每日礼包（高阶经验波利暗）","""50345""",,"item_name_50341",51,"","@UNDEFINED","item_unit_3",,1,2147483647,1,"([""money"":0,])","([""money"":10,])","@UNDEFINED",0,"([])",4000,0,433,0,0,"([])",2018,"([""goods_list"" : ({ ([""class_id"" : 50300, ""amount"" : 300]), ([""class_id"" : 51000, ""amount"" : 100, ""single_sent"" : 1]), }), ""select_list"" : ({ ([""class_id"" : 5010, ""rank"" : 1, ""level"" : 15, ""amount"":10])})])",0,0,"([])","([])",0,0,,"item_desc_50341",,0,0,0,0,"@FALSE",0,0
50355,"每日礼包（火之召唤卷）","""50355""",,"item_name_50341",51,"","@UNDEFINED","item_unit_3",,1,2147483647,1,"([""money"":0,])","([""money"":10,])","@UNDEFINED",0,"([])",4000,0,433,0,0,"([])",2017,"([""goods_list"" : ({ ([""class_id"" : 50301, ""amount"" : 40000]), }), ""select_list"" : ({ ([""class_id"" : 50002, ""amount"":4])})])",0,0,"([])","([])",0,0,,"item_desc_50341",,0,0,0,0,"@FALSE",0,0
50356,"每日礼包（风之召唤卷）","""50355""",,"item_name_50341",51,"","@UNDEFINED","item_unit_3",,1,2147483647,1,"([""money"":0,])","([""money"":10,])","@UNDEFINED",0,"([])",4000,0,433,0,0,"([])",2017,"([""goods_list"" : ({ ([""class_id"" : 50301, ""amount"" : 40000]), }), ""select_list"" : ({ ([""class_id"" : 50003, ""amount"":4])})])",0,0,"([])","([])",0,0,,"item_desc_50341",,0,0,0,0,"@FALSE",0,0
50357,"每日礼包（水之召唤卷）","""50355""",,"item_name_50341",51,"","@UNDEFINED","item_unit_3",,1,2147483647,1,"([""money"":0,])","([""money"":10,])","@UNDEFINED",0,"([])",4000,0,433,0,0,"([])",2017,"([""goods_list"" : ({ ([""class_id"" : 50301, ""amount"" : 40000]), }), ""select_list"" : ({ ([""class_id"" : 50004, ""amount"":4])})])",0,0,"([])","([])",0,0,,"item_desc_50341",,0,0,0,0,"@FALSE",0,0
50358,"火之强化限时礼包","""50358""",,"item_name_50358",51,"","@UNDEFINED","item_unit_3",,1,2147483647,1,"([""money"":0,])","([""money"":10,])","@UNDEFINED",0,"([])",4000,0,433,0,0,"([])",2014,"([""goods_list"" : ({ ([""class_id"" : 50109, ""amount"" : 5]), ([""class_id"" : 50105, ""amount"" : 15]), ([""class_id"" : 5006, ""rank"" : 1, ""level"" : 15, ""amount"":1]), ([""class_id"" : 50301, ""amount"" : 50000]), })])",0,0,"([])","([])",0,0,,"item_desc_50341",,0,0,0,0,"@FALSE",0,0
50359,"风之强化限时礼包","""50359""",,"item_name_50359",51,"","@UNDEFINED","item_unit_3",,1,2147483647,1,"([""money"":0,])","([""money"":10,])","@UNDEFINED",0,"([])",4000,0,433,0,0,"([])",2014,"([""goods_list"" : ({ ([""class_id"" : 50110, ""amount"" : 5]), ([""class_id"" : 50106, ""amount"" : 15]), ([""class_id"" : 5007, ""rank"" : 1, ""level"" : 15, ""amount"":1]), ([""class_id"" : 50301, ""amount"" : 50000]), })])",0,0,"([])","([])",0,0,,"item_desc_50341",,0,0,0,0,"@FALSE",0,0
50360,"水之强化限时礼包","""50360""",,"item_name_50360",51,"","@UNDEFINED","item_unit_3",,1,2147483647,1,"([""money"":0,])","([""money"":10,])","@UNDEFINED",0,"([])",4000,0,433,0,0,"([])",2014,"([""goods_list"" : ({ ([""class_id"" : 50111, ""amount"" : 5]), ([""class_id"" : 50107, ""amount"" : 15]), ([""class_id"" : 5008, ""rank"" : 1, ""level"" : 15, ""amount"":1]), ([""class_id"" : 50301, ""amount"" : 50000]), })])",0,0,"([])","([])",0,0,,"item_desc_50341",,0,0,0,0,"@FALSE",0,0
50361,"光之强化限时礼包","""50361""",,"item_name_50361",51,"","@UNDEFINED","item_unit_3",,1,2147483647,1,"([""money"":0,])","([""money"":10,])","@UNDEFINED",0,"([])",4000,0,433,0,0,"([])",2014,"([""goods_list"" : ({ ([""class_id"" : 50114, ""amount"" : 5]), ([""class_id"" : 50113, ""amount"" : 15]), ([""class_id"" : 5009, ""rank"" : 1, ""level"" : 15, ""amount"":1]), ([""class_id"" : 50301, ""amount"" : 50000]), })])",0,0,"([])","([])",0,0,,"item_desc_50341",,0,0,0,0,"@FALSE",0,0
50362,"暗之强化限时礼包","""50362""",,"item_name_50362",51,"","@UNDEFINED","item_unit_3",,1,2147483647,1,"([""money"":0,])","([""money"":10,])","@UNDEFINED",0,"([])",4000,0,433,0,0,"([])",2014,"([""goods_list"" : ({ ([""class_id"" : 50117, ""amount"" : 5]), ([""class_id"" : 50116, ""amount"" : 15]), ([""class_id"" : 5010, ""rank"" : 1, ""level"" : 15, ""amount"":1]), ([""class_id"" : 50301, ""amount"" : 50000]), })])",0,0,"([])","([])",0,0,,"item_desc_50341",,0,0,0,0,"@FALSE",0,0
50363,"初心礼包1","""50363""",,"item_name_50363",51,"","@UNDEFINED","item_unit_3",,1,2147483647,1,"([""money"":0,])","([""money"":10,])","@UNDEFINED",0,"([])",4000,0,433,0,0,"([])",2022,"([""goods_list"" : ({ ([""class_id"" : 50001, ""amount"" : 2, ""main_item"" : 1, ""show_effect"":1]), ([""gold_coin"" : 150]), ([""money"" : 50000]), ([""class_id"" : 50320, ""amount"" : 1, ""single_sent"" : 1]), ([""class_id"" : 50365, ""amount"" : 1, ""valid_time"" : 1296000, ""single_sent"" : 1]), })])",0,0,"([])","([])",0,0,,"item_desc_50363",,0,0,0,0,"@FALSE",0,0
50364,"初心礼包2","""50363""",,"item_name_50363",51,"","@UNDEFINED","item_unit_3",,1,2147483647,1,"([""money"":0,])","([""money"":10,])","@UNDEFINED",0,"([])",4000,0,433,0,0,"([])",2022,"([""goods_list"" : ({ ([""class_id"" : 50006, ""amount"" : 1, ""main_item"" : 1, ""show_effect"":1]), ([""class_id"" : 50001, ""amount"" : 7, ""show_effect"":1]), ([""money"" : 200000,]), ([""class_id"" : 50320, ""amount"" : 3, ""single_sent"" : 1]), ([""class_id"" : 50368, ""amount"" : 1, ""valid_time"" : 2592000, ""single_sent"" : 1]), })])",0,0,"([])","([])",0,0,,"item_desc_50364",,0,0,0,0,"@FALSE",0,0
50365,"月卡 15 天","""50332""",,"item_name_50365",51,"","@UNDEFINED","item_unit_3",,1,2147483647,1,"([""money"":0,])","([""money"":10,])","@UNDEFINED",0,"([])",4000,0,433,0,0,"([])",2020,"([""goods_list"" : ({ ([""attrib"" : ""auto_dungeons"",]), ([""attrib"" : ""auto_tower"",]) }), ""gift_class_id"" : 50332, ])",0,0,"([])","([])",0,0,,"item_desc_50365",,0,0,0,0,"@FALSE",0,0
50366,"进阶礼包1","""50366""",,"item_name_50366",51,"","@UNDEFINED","item_unit_3",,1,2147483647,1,"([""money"":0,])","([""money"":10,])","@UNDEFINED",0,"([])",4000,0,433,0,0,"([])",2022,"([""goods_list"" : ({ ([""class_id"" : 50337, ""amount"" : 1, ""main_item"" : 1, ""show_effect"":1]), ([""gold_coin"" : 500]), ([""life"" : 100]), ([""class_id"" : 50365, ""amount"" : 1, ""valid_time"" : 1296000, ""single_sent"" : 1]), })])",0,0,"([])","([])",0,0,,"item_desc_50366",,0,0,0,0,"@FALSE",0,0
50367,"进阶礼包2","""50366""",,"item_name_50366",51,"","@UNDEFINED","item_unit_3",,1,2147483647,1,"([""money"":0,])","([""money"":10,])","@UNDEFINED",0,"([])",4000,0,433,0,0,"([])",2022,"([""goods_list"" : ({ ([""class_id"" : 50006, ""amount"" : 1, ""main_item"" : 1, ""show_effect"":1]), ([""gold_coin"" : 800]), ([""life"" : 300]), ([""class_id"" : 50368, ""amount"" : 1, ""valid_time"" : 2592000, ""single_sent"" : 1]), })])",0,0,"([])","([])",0,0,,"item_desc_50364",,0,0,0,0,"@FALSE",0,0
50368,"月卡 30 天","""50332""",,"item_name_50368",51,"","@UNDEFINED","item_unit_3",,1,2147483647,1,"([""money"":0,])","([""money"":10,])","@UNDEFINED",0,"([])",4000,0,433,0,0,"([])",2020,"([""goods_list"" : ({ ([""attrib"" : ""auto_dungeons"",]), ([""attrib"" : ""auto_tower"",]) }), ""gift_class_id"" : 50332, ])",0,0,"([])","([])",0,0,,"item_desc_50365",,0,0,0,0,"@FALSE",0,0
50369,"高阶礼包1","""50369""",,"item_name_50369",51,"","@UNDEFINED","item_unit_3",,1,2147483647,1,"([""money"":0,])","([""money"":10,])","@UNDEFINED",0,"([])",4000,0,433,0,0,"([])",2022,"([""goods_list"" : ({ ([""class_id"" : 50006, ""amount"" : 1, ""show_effect"":1]), ([""class_id"" : 50405, ""amount"" : 1, ""main_item"" : 1, ""show_effect"":1]), ([""gold_coin"" : 1000]), ([""money"" : 500000]), ([""class_id"" : 50365, ""amount"" : 1, ""valid_time"" : 1296000, ""single_sent"" : 1]), })])",0,0,"([])","([])",0,0,,"item_desc_50364",,0,0,0,0,"@FALSE",0,0
50370,"高阶礼包2","""50369""",,"item_name_50369",51,"","@UNDEFINED","item_unit_3",,1,2147483647,1,"([""money"":0,])","([""money"":10,])","@UNDEFINED",0,"([])",4000,0,433,0,0,"([])",2022,"([""goods_list"" : ({ ([""class_id"" : 50014, ""amount"" : 1, ""main_item"" : 1, ""show_effect"":1]), ([""gold_coin"" : 1250]), ([""money"" : 500000]), ([""class_id"" : 50368, ""amount"" : 1, ""valid_time"" : 2592000, ""single_sent"" : 1]), })])",0,0,"([])","([])",0,0,,"item_desc_50370",,0,0,0,0,"@FALSE",0,0
50371,"新手装备礼包","""50371""",,"item_name_50371",51,"","@UNDEFINED","item_unit_3",,1,2147483647,1,"([""money"":0,])","([""money"":10,])","@UNDEFINED",0,"([])",4000,0,433,0,0,"([])",2023,"([""goods_list"" : ({ ([""show_effect"":1, ""suit_id"":5,""class_id"":51019, ""amount"":1, ""star"":4, ""property_list"":({([""class_id"":500,""star"":4,""prop"": ([0:({({1,10})}), 1: ({({5,40}),({12,30}),({7,30})}),])]), ([""class_id"":510,""star"":4,""prop"": ([0:({({3,160})}), 1: ({({5,40}),({12,30}),({6,30})}),])]), ([""class_id"":520,""star"":4,""prop"": ([0:({({2,10})}), 1: ({({5,40}),({12,30}),({8,3})}),])]), ([""class_id"":530,""star"":4,""prop"": ([0:({({5,50})}), 1: ({({12,30}),({13,40}),({10,40})}),])]), ([""class_id"":540,""star"":4,""prop"": ([0:({({5,50})}), 1: ({({12,30}),({13,40}),({11,40})}),])]), ([""class_id"":550,""star"":4,""prop"": ([0:({({5,50})}), 1: ({({12,30}),({13,40}),({8,3})}),])])})]), ([""class_id"" : 51000, ""amount"" : 85]), ([""class_id"" : 51004, ""amount"" : 10]), ([""class_id"" : 50301, ""amount"" : 100000]), }) ])",0,0,"([])","([])",0,0,,"item_desc_50371",,0,0,0,0,"@FALSE",0,0
"# 测试道具",,,,,,,,,,,,,,,,,,,,,,,,,,,,,,,,,,,,,,,,,
55045,"钻石×200","""55002""",,"test_item_name_1",3,"","@UNDEFINED","item_unit_4",,0,999,1,"([""money"":0,])","([""money"":10,])",3,0,"([])",0,0,0,0,7049,"([])",7040,"([])",7041,0,"([])","([])",0,0,,"test_item_desc_1",,0,0,0,0,"@FALSE",0,0
55100,"金币×40000","""55100""",,"test_item_name_2",13,"","@UNDEFINED","item_unit_5",,0,999,0,"([""money"":0,])","([""money"":10,])",3,0,"([])",0,0,0,0,0,"([])",0,"([])",0,0,"([])","([])",0,0,,"test_item_desc_2",,0,0,0,0,"@FALSE",0,0
57599,"测试道具","""57599""",,"test_item_name_3",13,"","@UNDEFINED","item_unit_2",,0,999,0,"([""money"":0,])","([""money"":10,])",1,0,"([])",0,0,0,0,0,"([])",0,"([])",0,0,"([])","([])",0,0,,"test_item_desc_3",,0,0,0,0,"@FALSE",0,0
57000,"测试道具","""57000""",,"test_item_name_4",1,"","@UNDEFINED","item_unit_2",,0,999,0,"([""money"":0,])","([""money"":10,])",1,0,"([])",0,0,0,0,0,"([])",0,"([])","随机获得 1 件 20 级装备。",0,"([])","([])",0,0,,"test_item_desc_4",,0,0,0,0,"@FALSE",0,0
57001,"测试道具","""57000""",,"test_item_name_5",1,"","@UNDEFINED","item_unit_2",,0,999,0,"([""money"":0,])","([""money"":10,])",1,0,"([])",0,0,0,0,0,"([])",0,"([])","随机获得 1 件 20 级装备。",0,"([])","([])",0,0,,"test_item_desc_5",,0,0,0,0,"@FALSE",0,0
57002,"双倍经验","""57002""",,"test_item_name_6",1,"","@UNDEFINED","item_unit_2",,0,999,1,"([""money"":0,])","([""money"":10,])",1,0,"([])",4000,0,433,0,0,"([])",2002,"([""multiple"" : 2, ""valid_time"" : 7200])",0,0,"([])","([""show_bonus_dialog"":@TRUE,""attrib"" : ""exp"", ""activity_id"" : ""double_exp""])",0,0,,"test_item_desc_6",,0,0,0,0,"@FALSE",0,0
57003,"双倍金币","""57003""",,"test_item_name_7",1,"","@UNDEFINED","item_unit_2",,0,999,1,"([""money"":0,])","([""money"":10,])",1,0,"([])",4000,0,433,0,0,"([])",2002,"([""multiple"" : 2, ""valid_time"" : 7200])",0,0,"([])","([""attrib"" : ""money"", ""activity_id"" : ""double_money""])",0,0,,"test_item_desc_7",,0,0,0,0,"@FALSE",0,0
