"# status.csv",,,,,,,,,,,,,,,,,,,,,,,,,,,,,
"# 状态列表",,,,,,,,,,,,,,,,,,,,,,,,,,,,,
"#状态编号","状态别名","状态名","状态名","状态图标","是否显示图标","检测脚本","检测参数","附加时执行脚本","回合作用脚本","回合作用阶段","清除前执行脚本","清除后执行脚本","状态prop属性","死亡清除","死亡免疫","诅咒免疫","免疫免疫","狂暴（黑血吊针）免疫","不可选中状态免疫","排斥状态","免疫脚本","免疫状态","状态类型","状态提示类型","过图是否清除","限制行動回合脚本","限制行動回合参数","状态效果","备注"
"auto","auto","auto","auto","auto","auto","auto","auto","auto","auto","auto","auto","auto","auto","auto","auto","auto","auto","auto","auto","auto","auto","auto","auto","auto","auto","auto","auto","auto","auto"
"status","alias","name","memo","icon","is_show","check_script","check_args","apply","round_apply_script","round_apply_type","clear","clear_after","props","dead_clear","DIED","D_CURSE","B_DEBUFF_IMMUNE","B_FURY","B_CAN_NOT_CHOOSE","exclusion","immunity_script","immunity","status_type","tip_type","cross_map_clear","limit_round_script","limit_round_args","affect","memo_desc"
1,"DIED","DIED_NAME","死亡","""D_DIED""","@TRUE",0,0,8009,0,"@ROUND_TYPE_NONE",8005,8030,"({})","@FALSE","@FALSE","@FALSE","@FALSE","@FALSE","@FALSE","({})",,"({})","@TYPE_NONE","@TYPE_NONE","@FALSE",0,"([])","@STOP_ACTION","死亡"
2,"LOCK","LOCK_NAME","锁定目标","""D_LOCK""","@FALSE",0,0,,0,"@ROUND_TYPE_NONE",,,"({})","@TRUE","@FALSE","@FALSE","@FALSE","@FALSE","@FALSE","({})",,"({})","@TYPE_NONE","@TYPE_NONE","@TRUE",0,"([])",,"锁定目标（自动战斗手动选择目标）"
142,"COMBAT_END","COMBAT_END_NAME","战斗结束状态","""COMBAT_END""","@FALSE",0,0,,0,"@ROUND_TYPE_NONE",,,"({})","@TRUE","@TRUE","@FALSE","@FALSE","@FALSE","@FALSE","({})",,"({})","@TYPE_NONE","@TYPE_NONE","@TRUE",0,"([])",,"不可选中状态"
"# 减益状态",,,,,,,,,,,,,,,,,,,,,,,,,,,,,
3,"D_FREEZE","D_FREEZE_NAME","冻结","""D_FREEZE""","@TRUE",8003,"({10,})",8015,8024,"@ROUND_TYPE_END",,,"({({207, -1000}), })","@TRUE","@TRUE","@FALSE","@TRUE","@TRUE","@TRUE","({3,121})",,"({})","@TYPE_DEBUFF","@TYPE_DEBUFF","@TRUE",0,"([""ctrl_id"":1])","@STOP_ACTION","指定回合内无法行动"
4,"D_STUN","D_STUN_NAME","眩晕","""D_STUN""","@TRUE",8003,"({10,})",8015,8024,"@ROUND_TYPE_END",,,"({})","@TRUE","@TRUE","@FALSE","@TRUE","@TRUE","@TRUE","({4,121})",,"({})","@TYPE_DEBUFF","@TYPE_DEBUFF","@TRUE",0,"([""ctrl_id"":1])","@STOP_ACTION","指定回合内无法行动"
5,"D_SLEEP","D_SLEEP_NAME","睡眠","""D_SLEEP""","@TRUE",8003,"({10,})",8015,8024,"@ROUND_TYPE_END",8032,,"({({132, 1000}), })","@TRUE","@TRUE","@FALSE","@TRUE","@TRUE","@TRUE","({5,121,37})",,"({})","@TYPE_DEBUFF","@TYPE_DEBUFF","@TRUE",0,"([""ctrl_id"":1])","@STOP_ACTION","指定回合内无法行动，被攻击时自动解除"
6,"D_INJURY","D_INJURY_NAME","持续伤害","""D_INJURY""","@TRUE",8021,"({10,})",,8002,"@ROUND_TYPE_START",,,"({({206, 50}), })","@TRUE","@TRUE","@FALSE","@TRUE","@TRUE","@TRUE","({})",,"({})","@TYPE_DEBUFF","@TYPE_DEBUFF","@TRUE",0,"([])",,"回合开始时掉血作用X回合"
7,"D_CHAOS","D_CHAOS_NAME","混乱","""D_CHAOS""","@TRUE",8014,"({10,})",8015,0,"@ROUND_TYPE_END",,,"({})","@TRUE","@TRUE","@FALSE","@TRUE","@TRUE","@TRUE","({7})",,"({})","@TYPE_DEBUFF","@TYPE_DEBUFF","@TRUE",0,"([""ctrl_id"":1])",,"不受控制有几率攻击队友"
8,"D_FORGET","D_FORGET_NAME","禁止被动","""D_FORGET""","@TRUE",8014,"({10,})",8016,0,"@ROUND_TYPE_END",8017,,"({})","@FALSE","@TRUE","@FALSE","@TRUE","@TRUE","@TRUE","({8})",,"({})","@TYPE_DEBUFF","@TYPE_DEBUFF","@TRUE",0,"([""ctrl_id"":1])",,"被动技能不起效"
9,"D_ATK_DOWN","D_ATK_DOWN_NAME","攻击降低","""D_ATK_DOWN""","@TRUE",8012,"({10,})",,0,"@ROUND_TYPE_END",,,"({({200, -500}), })","@TRUE","@TRUE","@FALSE","@TRUE","@TRUE","@TRUE","({9})",,"({})","@TYPE_DEBUFF","@TYPE_DEBUFF","@TRUE",0,"([])",,"攻击降低"
10,"D_DEF_DOWN","D_DEF_DOWN_NAME","防御降低","""D_DEF_DOWN""","@TRUE",8022,"({10,})",,0,"@ROUND_TYPE_END",,,"({({201, -500}), })","@TRUE","@TRUE","@FALSE","@TRUE","@TRUE","@TRUE","({10})",,"({})","@TYPE_DEBUFF","@TYPE_DEBUFF","@TRUE",0,"([])",,"防御降低"
11,"D_BLIND","D_BLIND_NAME","致盲","""D_ACC_DOWN""","@TRUE",8010,"({10,})",,0,"@ROUND_TYPE_END",,,"({({16, 500}), })","@TRUE","@TRUE","@FALSE","@TRUE","@TRUE","@TRUE","({11})",,"({})","@TYPE_DEBUFF","@TYPE_DEBUFF","@TRUE",0,"([])",,"致盲率增加"
13,"D_SPD_LAST","D_SPD_LAST_NAME","强制降速","""D_SPD_LAST""","@TRUE",8010,"({10,})",,0,"@ROUND_TYPE_END",,,"({})","@TRUE","@TRUE","@FALSE","@TRUE","@TRUE","@TRUE","({13})",,"({})","@TYPE_DEBUFF","@TYPE_DEBUFF","@TRUE",0,"([])",,"强制本轮大回合最后一个出手"
14,"D_NO_CURE","D_NO_CURE_NAME","禁止治疗","""D_NO_CURE""","@TRUE",8010,"({10,})",,0,"@ROUND_TYPE_END",,,"({})","@TRUE","@TRUE","@FALSE","@TRUE","@TRUE","@TRUE","({14})",,"({})","@TYPE_DEBUFF","@TYPE_DEBUFF","@TRUE",0,"([])",,"无法被治疗"
15,"D_CURSE","D_CURSE_NAME","诅咒","""D_CURSE""","@TRUE",8010,"({10,})",,0,"@ROUND_TYPE_END",,,"({})","@TRUE","@TRUE","@FALSE","@TRUE","@TRUE","@TRUE","({15})",,"({})","@TYPE_DEBUFF","@TYPE_DEBUFF","@TRUE",0,"([])",,"无法被赋予增益状态"
16,"D_PROVOKE","D_PROVOKE_NAME","嘲讽","""D_PROVOKE""","@TRUE",8023,"({10,})",8007,0,"@ROUND_TYPE_END",8008,,"({})","@TRUE","@TRUE","@FALSE","@TRUE","@TRUE","@TRUE","({16,121})",,"({})","@TYPE_DEBUFF","@TYPE_DEBUFF","@TRUE",0,"([""ctrl_id"":1])",,"只攻击嘲讽对象X回合"
17,"D_SILENCE","D_SILENCE_NAME","沉默","""D_SILENCE""","@TRUE",8010,"({10,})",,0,"@ROUND_TYPE_END",,,"({})","@TRUE","@TRUE","@FALSE","@TRUE","@TRUE","@TRUE","({17,121})",,"({})","@TYPE_DEBUFF","@TYPE_DEBUFF","@TRUE",0,"([])",,"无法使用具有冷却时间的技能"
18,"D_MARK","D_MARK_NAME","死亡标记","""D_MARK""","@TRUE",8010,"({10,})",,0,"@ROUND_TYPE_END",,,"({({19, -250})})","@TRUE","@TRUE","@FALSE","@TRUE","@TRUE","@TRUE","({18,27})",,"({})","@TYPE_DEBUFF","@TYPE_DEBUFF","@TRUE",0,"([])",,"所受伤害加深"
19,"D_POISON_TRAP","D_POISON_TRAP_NAME","剧毒陷阱","""B_POISON_TRAP""","@FALSE",0,"({0,})",,8006,"@ROUND_TYPE_END",,,"({})","@TRUE","@TRUE","@FALSE","@TRUE","@TRUE","@TRUE","({19})",,"({})","@TYPE_NONE","@TYPE_NONE","@TRUE",0,"([])",,"攻击者受到一定伤害，并获得持续伤害效果，持续X回合"
20,"D_SLEEP_TRAP","D_SLEEP_TRAP_NAME","昏睡陷阱","""B_SLEEP_TRAP""","@FALSE",0,"({0,})",,8006,"@ROUND_TYPE_END",,,"({})","@TRUE","@TRUE","@FALSE","@TRUE","@TRUE","@TRUE","({20})",,"({})","@TYPE_NONE","@TYPE_NONE","@TRUE",0,"([])",,"攻击者受到一定伤害，并陷入睡眠效果，持续X回合"
21,"D_SILENCE_TRAP","D_SILENCE_TRAP_NAME","沉默陷阱","""B_SILENCE_TRAP""","@FALSE",0,"({0,})",,8006,"@ROUND_TYPE_END",,,"({})","@TRUE","@TRUE","@FALSE","@TRUE","@TRUE","@TRUE","({21})",,"({})","@TYPE_NONE","@TYPE_NONE","@TRUE",0,"([])",,"攻击者受到一定伤害，并陷入沉默效果，持续X回合"
22,"D_FREEZE_TRAP","D_FREEZE_TRAP_NAME","冰冻陷阱","""B_FREEZE_TRAP""","@FALSE",0,"({0,})",,8006,"@ROUND_TYPE_END",,,"({})","@TRUE","@TRUE","@FALSE","@TRUE","@TRUE","@TRUE","({22})",,"({})","@TYPE_NONE","@TYPE_NONE","@TRUE",0,"([])",,"攻击者受到一定伤害，并陷入冰冻效果，持续X回合"
23,"D_FREEZE_START","D_FREEZE_START_NAME","冻结","""D_FREEZE""","@TRUE",8003,"({10,})",,8024,"@ROUND_TYPE_START",,,"({({207, -1000}), })","@TRUE","@TRUE","@FALSE","@TRUE","@TRUE","@TRUE","({23})",,"({})","@TYPE_DEBUFF","@TYPE_DEBUFF","@TRUE",0,"([""ctrl_id"":1])","@STOP_ACTION","指定回合内无法行动(由陷阱带来的状态，需要在回合开始时结算)"
24,"D_SLEEP_START","D_SLEEP_START_NAME","睡眠","""D_SLEEP""","@TRUE",8003,"({10,})",,8024,"@ROUND_TYPE_START",,,"({({132, 1000}), })","@TRUE","@TRUE","@FALSE","@TRUE","@TRUE","@TRUE","({24})",,"({})","@TYPE_DEBUFF","@TYPE_DEBUFF","@TRUE",0,"([""ctrl_id"":1])","@STOP_ACTION","指定回合内无法行动，被攻击时自动解除"
25,"D_NO_MP_CURE","D_NO_MP_CURE_NAME","禁止能量恢复","""D_NO_MP_CURE""","@TRUE",8010,"({10,})",,0,"@ROUND_TYPE_END",,,"({})","@TRUE","@TRUE","@FALSE","@TRUE","@TRUE","@TRUE","({25})",,"({})","@TYPE_DEBUFF","@TYPE_DEBUFF","@TRUE",0,"([])",,"无法恢复能量"
26,"D_PALSY","D_PALSY_NAME","麻痹","""D_PALSY""","@TRUE",8014,"({10,})",8015,0,"@ROUND_TYPE_END",,,"({({10, -250}), ({11, -250})})","@TRUE","@TRUE","@FALSE","@TRUE","@TRUE","@TRUE","({26})",,"({})","@TYPE_DEBUFF","@TYPE_DEBUFF","@TRUE",8013,"([""rate"":300, ""ctrl_id"":1])",,"30%概率无法行动，效果命中和效果抵抗降低25%"
27,"D_MARK_SP","D_MARK_SP_NAME","死亡标记（无视免疫）","""D_MARK""","@TRUE",8010,"({10,})",,0,"@ROUND_TYPE_END",,,"({({19, -250}), })","@TRUE","@TRUE","@FALSE","@FALSE","@FALSE","@TRUE","({18,27})",,"({})","@TYPE_DEBUFF","@TYPE_DEBUFF","@TRUE",0,"([])",,"特殊死亡标记，无视免疫状态"
28,"D_SLEEP_SP","D_SLEEP_SP_NAME","触发睡眠","""D_SLEEP""","@FALSE",0,"({0,})",,0,"@ROUND_TYPE_END",,,"({})","@TRUE","@TRUE","@FALSE","@TRUE","@TRUE","@TRUE","({})",,"({})","@TYPE_NONE","@TYPE_NONE","@TRUE",0,"([])",,"连续命中造成触发睡眠状态"
29,"D_BLIND_HALO","D_BLIND_HALO_NAME","致盲","""D_ACC_DOWN""","@FALSE",0,"({0,})",,0,"@ROUND_TYPE_END",8020,,"({})","@TRUE","@TRUE","@FALSE","@TRUE","@TRUE","@TRUE","({29})",,"({})","@TYPE_NONE","@TYPE_NONE","@TRUE",0,"([])",,"致盲率增加（光环）"
30,"D_STUN_TRAP","D_STUN_TRAP_NAME","眩晕陷阱","""B_STUN_TRAP""","@FALSE",0,"({0,})",,8006,"@ROUND_TYPE_END",,,"({})","@TRUE","@TRUE","@FALSE","@TRUE","@TRUE","@TRUE","({30})",,"({})","@TYPE_NONE","@TYPE_NONE","@TRUE",0,"([])",,"攻击者受到一定伤害，并陷入眩晕效果，持续X回合"
31,"D_AGI_DOWN","D_AGI_DOWN_NAME","敏捷降低","""D_AGI_DOWN""","@TRUE",8010,"({10,})",,0,"@ROUND_TYPE_END",,,"({({209, -150}), })","@TRUE","@TRUE","@FALSE","@TRUE","@TRUE","@TRUE","({31})",,"({})","@TYPE_DEBUFF","@TYPE_DEBUFF","@TRUE",0,"([])",,"敏捷降低"
32,"D_NO_CD_CURE","D_NO_CD_CURE_NAME","禁止冷却恢复","""D_NO_CD_CURE""","@TRUE",8010,"({10,})",,0,"@ROUND_TYPE_END",,,"({})","@TRUE","@TRUE","@FALSE","@TRUE","@TRUE","@TRUE","({32})",,"({})","@TYPE_DEBUFF","@TYPE_DEBUFF","@TRUE",0,"([])",,"禁止冷却恢复"
33,"D_CRT_DOWN","D_CRT_DOWN_NAME","暴击率降低","""D_CRT_DOWN""","@TRUE",8010,"({10,})",,0,"@ROUND_TYPE_END",,,"({({203, -500}), })","@TRUE","@TRUE","@FALSE","@TRUE","@TRUE","@TRUE","({33})",,"({})","@TYPE_DEBUFF","@TYPE_DEBUFF","@TRUE",0,"([])",,"暴击降低"
34,"D_AGI_DOWN_1","D_AGI_DOWN_1_NAME","一级敏捷降低","""D_AGI_DOWN_1""","@TRUE",8010,"({10,})",,0,"@ROUND_TYPE_END",,,"({({209, -250}), })","@TRUE","@TRUE","@FALSE","@TRUE","@TRUE","@TRUE","({34})",,"({})","@TYPE_DEBUFF","@TYPE_DEBUFF","@TRUE",0,"([])",,"敏捷降低"
35,"D_AGI_DOWN_2","D_AGI_DOWN_2_NAME","二级敏捷降低","""D_AGI_DOWN_2""","@TRUE",8010,"({10,})",,0,"@ROUND_TYPE_END",,,"({({209, -400}), })","@TRUE","@TRUE","@FALSE","@TRUE","@TRUE","@TRUE","({34,35})",,"({34,})","@TYPE_DEBUFF","@TYPE_DEBUFF","@TRUE",0,"([])",,"敏捷降低"
36,"D_AGI_DOWN_3","D_AGI_DOWN_3_NAME","三级敏捷降低","""D_AGI_DOWN_3""","@TRUE",8010,"({10,})",,0,"@ROUND_TYPE_END",,,"({({209, -550}), })","@TRUE","@TRUE","@FALSE","@TRUE","@TRUE","@TRUE","({34,35,36})",,"({34,35,})","@TYPE_DEBUFF","@TYPE_DEBUFF","@TRUE",0,"([])",,"敏捷降低"
38,"D_NO_REBORN","D_NO_REBORN_NAME","无法复活","""D_SLEEP""","@FALSE",0,"({0,})",,0,"@ROUND_TYPE_END",,,"({})","@FALSE","@FALSE","@FALSE","@TRUE","@FALSE","@TRUE","({38,78,90,150})",,"({78,90,150})","@TYPE_NONE","@TYPE_NONE","@FALSE",0,"([])",,"无法复活"
"# 增益状态",,,,,,,,,,,,,,,,,,,,,,,,,,,,,
60,"B_DEBUFF_IMMUNE","B_DEBUFF_IMMUNE_NAME","免疫","""B_DEBUFF_IMMUNE""","@TRUE",8011,"({10,})",,0,"@ROUND_TYPE_END",,,"({})","@TRUE","@TRUE","@TRUE","@FALSE","@TRUE","@TRUE","({60})",8031,"({})","@TYPE_BUFF","@TYPE_BUFF","@TRUE",0,"([])",,"免疫负面状态X回合"
62,"B_EN_SHIELD","B_EN_SHIELD_NAME","能量护盾","""B_EN_SHIELD""","@TRUE",8011,"({10,})",,0,"@ROUND_TYPE_END",,,"({})","@TRUE","@TRUE","@TRUE","@FALSE","@TRUE","@TRUE","({62})",,"({})","@TYPE_BUFF","@TYPE_BUFF","@TRUE",0,"([])",,"次数护盾，可以抵消一定次数的伤害"
64,"B_HP_SHIELD","B_HP_SHIELD_NAME","生命护盾","""B_DMG_SHIELD""","@TRUE",8011,"({10,})",,0,"@ROUND_TYPE_END",,,"({})","@TRUE","@TRUE","@TRUE","@FALSE","@TRUE","@TRUE","({64})",,"({})","@TYPE_BUFF","@TYPE_BUFF","@TRUE",0,"([])",,"根据自身最大生命百分比产生的对应血量的护盾"
65,"B_EQPT_SHIELD","B_EQPT_SHIELD_NAME","装备护盾","""B_EQPT_SHIELD""","@TRUE",8011,"({10,})",,0,"@ROUND_TYPE_END",,,"({})","@TRUE","@TRUE","@TRUE","@FALSE","@TRUE","@TRUE","({})",,"({})","@TYPE_BUFF","@TYPE_BUFF","@TRUE",0,"([])",,"套装效果生成一定血量百分比的护盾"
66,"B_ATK_UP","B_ATK_UP_NAME","攻击强化","""B_ATK_UP""","@TRUE",8011,"({10,})",,0,"@ROUND_TYPE_END",,,"({({200, 500}), })","@TRUE","@TRUE","@TRUE","@FALSE","@TRUE","@TRUE","({66})",,"({})","@TYPE_BUFF","@TYPE_BUFF","@TRUE",0,"([])",,"攻击增加"
67,"B_DEF_UP","B_DEF_UP_NAME","防御强化","""B_DEF_UP""","@TRUE",8011,"({10,})",,0,"@ROUND_TYPE_END",,,"({({201, 500}), })","@TRUE","@TRUE","@TRUE","@FALSE","@TRUE","@TRUE","({67})",,"({})","@TYPE_BUFF","@TYPE_BUFF","@TRUE",0,"([])",,"防御增加"
68,"B_CRT_UP","B_CRT_UP_NAME","暴击强化","""B_CRT_UP""","@TRUE",8011,"({10,})",,0,"@ROUND_TYPE_END",,,"({({203, 300}), })","@TRUE","@TRUE","@TRUE","@FALSE","@TRUE","@TRUE","({68})",,"({})","@TYPE_BUFF","@TYPE_BUFF","@TRUE",0,"([])",,"暴击率增加"
70,"B_HP_RECOVER","B_HP_RECOVER_NAME","生命恢复","""B_HP_RECOVER""","@TRUE",8011,"({10,})",,8001,"@ROUND_TYPE_START",8020,,"({})","@TRUE","@TRUE","@TRUE","@FALSE","@TRUE","@TRUE","({70})",,"({})","@TYPE_BUFF","@TYPE_BUFF","@TRUE",0,"([])",,"回合开始时恢复生命"
71,"B_DMG_IMMUNE","B_DMG_IMMUNE_NAME","无敌","""B_DMG_IMMUNE""","@TRUE",8011,"({10,})",,0,"@ROUND_TYPE_END",,,"({})","@TRUE","@TRUE","@TRUE","@FALSE","@TRUE","@TRUE","({71})",,"({})","@TYPE_BUFF","@TYPE_BUFF","@TRUE",0,"([])",,"任何伤害无效化"
72,"B_DMG_REFLEX","B_DMG_REFLEX_NAME","伤害反射","""B_DMG_REFLEX""","@TRUE",8011,"({10,})",,0,"@ROUND_TYPE_END",,,"({({105, 300}), })","@TRUE","@TRUE","@TRUE","@FALSE","@TRUE","@TRUE","({72})",,"({})","@TYPE_BUFF","@TYPE_BUFF","@TRUE",0,"([])",,"将部分伤害反射给攻击者"
73,"B_CRTED_REDUCE","B_CRTED_REDUCE_NAME","减少被暴击率","""B_CRTED_REDUCE""","@TRUE",8011,"({10,})",,0,"@ROUND_TYPE_END",,,"({({18, 500}), })","@TRUE","@TRUE","@TRUE","@FALSE","@TRUE","@TRUE","({73})",,"({})","@TYPE_BUFF","@TYPE_BUFF","@TRUE",0,"([])",,"减少被暴击的概率"
74,"B_COUNTER_ATK","B_COUNTER_ATK_NAME","反击","""B_COUNTER_ATK""","@TRUE",8011,"({10,})",,0,"@ROUND_TYPE_END",,,"({({115, 1000}), })","@TRUE","@TRUE","@TRUE","@FALSE","@TRUE","@TRUE","({74})",,"({})","@TYPE_BUFF","@TYPE_BUFF","@TRUE",0,"([])",,"自身被攻击时几率使用普通攻击对攻击者进行反击"
75,"B_REVANGE","B_REVANGE_NAME","复仇","""B_REVANGE""","@TRUE",8011,"({10,})",,0,"@ROUND_TYPE_END",,,"({})","@TRUE","@TRUE","@TRUE","@FALSE","@TRUE","@TRUE","({75})",,"({})","@TYPE_BUFF","@TYPE_BUFF","@TRUE",0,"([])",,"队友被攻击时几率使用普通攻击对攻击者进行反击"
76,"B_PROTECT","B_PROTECT_NAME","保护","""B_PROTECT""","@TRUE",8011,"({10,})",,0,"@ROUND_TYPE_END",,,"({})","@TRUE","@TRUE","@TRUE","@FALSE","@TRUE","@TRUE","({76})",,"({})","@TYPE_BUFF","@TYPE_BUFF","@TRUE",0,"([])",,"此效果期间生命值最低到 1 不会死亡"
77,"B_SACRIFICE","B_SACRIFICE_NAME","生命链接","""B_SACRIFICE""","@TRUE",8011,"({10,})",,0,"@ROUND_TYPE_END",,,"({})","@TRUE","@TRUE","@TRUE","@FALSE","@TRUE","@TRUE","({77})",,"({})","@TYPE_BUFF","@TYPE_BUFF","@TRUE",0,"([])",,"由施法者代替承受伤害，施法者死亡效果消失"
78,"B_REBORN_PASSIVE","B_REBORN_PASSIVE_NAME","重生","""B_REBORN""","@TRUE",8011,"({10,})",,0,"@ROUND_TYPE_START",8004,,"({})","@FALSE","@FALSE","@TRUE","@FALSE","@TRUE","@TRUE","({78,150})",,"({})","@TYPE_BUFF","@TYPE_BUFF","@TRUE",0,"([])",,"此状态下死亡下一回合将自动复活，并恢复一定生命"
79,"B_MP_RECOVER","B_MP_RECOVER_NAME","能量泉涌","""B_MP_RECOVER""","@TRUE",8011,"({10,})",,8000,"@ROUND_TYPE_START",,,"({({205, 1}), })","@TRUE","@TRUE","@TRUE","@FALSE","@TRUE","@TRUE","({79})",,"({})","@TYPE_BUFF","@TYPE_BUFF","@TRUE",0,"([])",,"回合开始时恢复 1 点能量"
80,"B_CHARGE","B_CHARGE_NAME","蓄力","""B_CHARGE""","@TRUE",8011,"({10,})",,0,"@ROUND_TYPE_END",,,"({})","@TRUE","@TRUE","@TRUE","@FALSE","@TRUE","@TRUE","({80})",,"({3,4,5,7,16})","@TYPE_BUFF","@TYPE_BUFF","@TRUE",0,"([])",,"该状态下免疫一切控制效果，造成 2 倍伤害"
81,"B_EX_CHARGE","B_EX_CHARGE_NAME","进阶蓄力","""B_EX_CHARGE""","@TRUE",8011,"({10,})",,0,"@ROUND_TYPE_END",,,"({})","@TRUE","@TRUE","@TRUE","@FALSE","@TRUE","@TRUE","({81})",,"({3,4,5,7,16})","@TYPE_BUFF","@TYPE_BUFF","@TRUE",0,"([])",,"该状态下免疫一切控制效果，造成 3 倍伤害"
82,"B_POISON_TRAP","B_POISON_TRAP_NAME","剧毒陷阱","""B_POISON_TRAP""","@TRUE",8011,"({10,})",,0,"@ROUND_TYPE_END",,,"({({114, ({82,""D_POISON_TRAP""})}), ({210, 300}), })","@TRUE","@TRUE","@TRUE","@FALSE","@TRUE","@TRUE","({82})",,"({})","@TYPE_BUFF","@TYPE_BUFF","@TRUE",0,"([])",,"攻击者受到一定伤害，并获得持续伤害效果，持续X回合"
83,"B_SLEEP_TRAP","B_SLEEP_TRAP_NAME","昏睡陷阱","""B_SLEEP_TRAP""","@TRUE",8011,"({10,})",,0,"@ROUND_TYPE_END",,,"({({210, 300}), })","@TRUE","@TRUE","@TRUE","@FALSE","@TRUE","@TRUE","({83})",,"({})","@TYPE_BUFF","@TYPE_BUFF","@TRUE",0,"([])",,"攻击者受到一定伤害，并陷入睡眠效果，持续X回合"
84,"B_SILENCE_TRAP","B_SILENCE_TRAP_NAME","沉默陷阱","""B_SILENCE_TRAP""","@TRUE",8011,"({10,})",,0,"@ROUND_TYPE_END",,,"({({210, 300}), })","@TRUE","@TRUE","@TRUE","@FALSE","@TRUE","@TRUE","({84})",,"({})","@TYPE_BUFF","@TYPE_BUFF","@TRUE",0,"([])",,"攻击者受到一定伤害，并陷入沉默效果，持续X回合"
85,"B_FREEZE_TRAP","B_FREEZE_TRAP_NAME","冰冻陷阱","""B_FREEZE_TRAP""","@TRUE",8011,"({10,})",,0,"@ROUND_TYPE_END",,,"({({113, ({85,""D_FREEZE_TRAP""})}), ({210, 300}), })","@TRUE","@TRUE","@TRUE","@FALSE","@TRUE","@TRUE","({85})",,"({})","@TYPE_BUFF","@TYPE_BUFF","@TRUE",0,"([])",,"攻击者受到一定伤害，并陷入冰冻效果，持续X回合"
86,"B_PREPARE","B_PREPARE_NAME","架势状态","""B_EN_SHIELD""","@FALSE",0,"({0,})",,0,"@ROUND_TYPE_END",,,"({})","@TRUE","@TRUE","@FALSE","@FALSE","@FALSE","@FALSE","({86})",,"({})","@TYPE_NONE","@TYPE_NONE","@TRUE",0,"([])",,"鬼武士的预备状态(不会被清除增益所以类型是NONE)"
87,"B_HIYAKUYA","B_HIYAKUYA_NAME","白夜","""B_EN_SHIELD""","@FALSE",0,"({0,})",,0,"@ROUND_TYPE_END",,,"({})","@TRUE","@TRUE","@FALSE","@FALSE","@FALSE","@FALSE","({})",,"({})","@TYPE_NONE","@TYPE_NONE","@TRUE",0,"([])",,"影舞者的被动技能，加攻击加防御，有累积次数上限(不会被清除增益所以类型是NONE)"
89,"B_SPCOUNTER","B_SPCOUNTER_NAME","受创反击","""B_EN_SHIELD""","@FALSE",0,"({0,})",,0,"@ROUND_TYPE_END",8020,,"({})","@TRUE","@TRUE","@FALSE","@FALSE","@FALSE","@FALSE","({})",,"({})","@TYPE_NONE","@TYPE_NONE","@TRUE",0,"([])",,"影舞者的被动技能，队友受创自身进行反击(不会被清除增益所以类型是NONE)"
90,"B_REBORN_STATUS","B_REBORN_STATUS_NAME","重生","""B_REBORN""","@TRUE",8011,"({10,})",,0,"@ROUND_TYPE_START",,,"({({122, 300}), })","@FALSE","@TRUE","@FALSE","@FALSE","@TRUE","@FALSE","({90})",,"({})","@TYPE_BUFF","@TYPE_BUFF","@TRUE",0,"([])",,"此状态下死亡将立即复活，并恢复15%生命"
91,"B_FORBEAR_COLLECT","B_FORBEAR_COLLECT_NAME","隐忍（收集）","""B_EN_SHIELD""","@FALSE",0,"({0,})",,0,"@ROUND_TYPE_END",8020,,"({})","@TRUE","@TRUE","@FALSE","@FALSE","@FALSE","@FALSE","({})",,"({})","@TYPE_NONE","@TYPE_NONE","@TRUE",0,"([])",,"隐忍光环的收集状态"
92,"B_FORBEAR_EFFECT","B_FORBEAR_EFFECT_NAME","隐忍（作用）","""B_EN_SHIELD""","@FALSE",0,"({0,})",,0,"@ROUND_TYPE_END",,,"({})","@TRUE","@TRUE","@FALSE","@FALSE","@FALSE","@FALSE","({})",,"({})","@TYPE_NONE","@TYPE_NONE","@TRUE",0,"([])",,"隐忍光环的作用状态"
94,"B_RAGE","B_RAGE_NAME","愤怒","""B_EN_SHIELD""","@FALSE",0,"({0,})",,0,"@ROUND_TYPE_END",,,"({})","@TRUE","@TRUE","@FALSE","@FALSE","@FALSE","@FALSE","({})",,"({})","@TYPE_NONE","@TYPE_NONE","@TRUE",0,"([])",,"愤怒状态，堆叠一定层数可回满能量"
100,"B_HP_RECOVER_SP","B_HP_RECOVER_SP_NAME","生命恢复（特殊）","""B_HP_RECOVER""","@FALSE",0,"({0,})",,0,"@ROUND_TYPE_START",,,"({})","@TRUE","@TRUE","@FALSE","@FALSE","@FALSE","@FALSE","({100})",,"({})","@TYPE_NONE","@TYPE_NONE","@FALSE",0,"([])",,"回合开始时恢复生命（特殊，自身生命为全队最低时）"
101,"B_STUN_TRAP","B_STUN_TRAP_NAME","眩晕陷阱","""B_STUN_TRAP""","@TRUE",8011,"({10,})",,0,"@ROUND_TYPE_END",,,"({({159, ({101,""D_STUN_TRAP""})}), ({210, 300}), })","@TRUE","@TRUE","@TRUE","@FALSE","@TRUE","@TRUE","({101})",,"({})","@TYPE_BUFF","@TYPE_BUFF","@TRUE",0,"([])",,"攻击者受到一定伤害，并陷入眩晕效果，持续X回合"
102,"B_FIRST_HAND","B_FIRST_HAND_NAME","优先出手","""B_HP_RECOVER""","@FALSE",0,"({0,})",,0,"@ROUND_TYPE_END",8020,,"({({208, 1}), })","@TRUE","@TRUE","@FALSE","@FALSE","@FALSE","@FALSE","({102})",,"({})","@TYPE_NONE","@TYPE_NONE","@FALSE",0,"([])",,"优先出手"
103,"B_AGI_UP","B_AGI_UP_NAME","敏捷强化","""B_AGI_UP""","@TRUE",8011,"({10,})",,0,"@ROUND_TYPE_END",,,"({({209, 150}), })","@TRUE","@TRUE","@TRUE","@FALSE","@TRUE","@TRUE","({103})",,"({})","@TYPE_BUFF","@TYPE_BUFF","@TRUE",0,"([])",,"敏捷增加"
115,"B_NO_DIE","B_NO_DIE_NAME","临界","""B_NO_DIE""","@TRUE",8011,"({10,})",,0,"@ROUND_TYPE_END",,,"({})","@TRUE","@TRUE","@TRUE","@FALSE","@TRUE","@TRUE","({115})",,"({})","@TYPE_BUFF","@TYPE_BUFF","@TRUE",0,"([])",,"无法死亡"
116,"B_DEF_COUNTER","B_DEF_COUNTER_NAME","防御反击","""B_COUNTER_ATK""","@FALSE",0,"({0,})",,0,"@ROUND_TYPE_END",8020,,"({})","@TRUE","@TRUE","@FALSE","@FALSE","@FALSE","@FALSE","({116})",,"({})","@TYPE_NONE","@TYPE_NONE","@TRUE",0,"([])",,"自身被攻击时使用指定技能对攻击者进行反击"
121,"B_NEXT_ROUND_ATK","B_NEXT_ROUND_ATK_NAME","次回合攻击","""B_COUNTER_ATK""","@FALSE",0,"({0,})",,0,"@ROUND_TYPE_END",8020,,"({})","@TRUE","@TRUE","@FALSE","@FALSE","@FALSE","@FALSE","({121})",,"({})","@TYPE_NONE","@TYPE_NONE","@TRUE",0,"([])",,"次回合进行自动攻击的状态"
124,"B_SHENMO_ATK","B_SHENMO_ATK_NAME","神魔灭杀（伤害增强）","""B_DMG_SHIELD""","@FALSE",0,"({0,})",,0,"@ROUND_TYPE_END",8020,,"({})","@TRUE","@TRUE","@FALSE","@FALSE","@FALSE","@FALSE","({124})",,"({})","@TYPE_NONE","@TYPE_NONE","@FALSE",0,"([])",,"神魔灭杀伤害增强状态"
125,"B_SOUL_GAIN","B_SOUL_GAIN_NAME","摄魂夺魄","""B_DMG_SHIELD""","@FALSE",0,"({0,})",,0,"@ROUND_TYPE_END",8020,,"({})","@FALSE","@TRUE","@FALSE","@FALSE","@FALSE","@FALSE","({125})",,"({})","@TYPE_NONE","@TYPE_NONE","@FALSE",0,"([])",,"摄魂夺魄光环状态"
127,"B_DMG_IMMUNE_SP","B_DMG_IMMUNE_SP_NAME","特殊无敌（无法被清除）","""B_DMG_IMMUNE""","@FALSE",0,"({0,})",,0,"@ROUND_TYPE_END",,,"({})","@TRUE","@TRUE","@FALSE","@FALSE","@FALSE","@FALSE","({127})",,"({})","@TYPE_NONE","@TYPE_NONE","@FALSE",0,"([])",,"任何伤害无效化"
139,"B_SACRIFICE_ALL","B_SACRIFICE_ALL_NAME","生命链接","""B_SACRIFICE""","@TRUE",8011,"({10,})",,0,"@ROUND_TYPE_END",,,"({})","@TRUE","@TRUE","@FALSE","@FALSE","@FALSE","@FALSE","({139})",,"({})","@TYPE_BUFF","@TYPE_BUFF","@TRUE",0,"([])",,"由施法者代替承受伤害，施法者死亡效果消失"
143,"B_FURY","B_FURY_NAME","狂暴（黑血吊针）","""B_REBORN""","@FALSE",0,"({0,})",,0,"@ROUND_TYPE_END",8026,,"({})","@FALSE","@TRUE","@FALSE","@FALSE","@FALSE","@FALSE","({143})",,"({})","@TYPE_NONE","@TYPE_NONE","@FALSE",0,"([])",,"此状态下无法死亡无法治疗无法上任何BUFF"
144,"B_DMG_UP","B_DMG_UP_NAME","伤害强化","""B_ATK_UP""","@FALSE",8025,"({3,})",,0,"@ROUND_TYPE_END",,,"({({25, 500}), })","@TRUE","@TRUE","@FALSE","@FALSE","@FALSE","@FALSE","({})",,"({})","@TYPE_BUFF","@TYPE_BUFF","@TRUE",0,"([])",,"伤害增强50%，最多3个该状态"
145,"B_FIRST_HAND_SKL","B_FIRST_HAND_SKL_NAME","优先出手","""B_FIRST_HAND""","@TRUE",8011,"({10,})",,0,"@ROUND_TYPE_END",8020,,"({({208, 1}), })","@TRUE","@TRUE","@TRUE","@FALSE","@TRUE","@TRUE","({145})",,"({})","@TYPE_BUFF","@TYPE_BUFF","@TRUE",0,"([])",,"优先出手状态（可显示的）"
146,"B_FAKE_DIE","B_FAKE_DIE_NAME","死亡伪装（完全重生）","""B_REBORN""","@FALSE",0,"({0,})",,0,"@ROUND_TYPE_START",8027,,"({})","@FALSE","@FALSE","@FALSE","@FALSE","@FALSE","@FALSE","({146})",,"({})","@TYPE_NONE","@TYPE_NONE","@FALSE",0,"([])",,"此状态下死亡，状态结束时将自动复活，并恢复生命和能量"
147,"B_AGI_UP_1","B_AGI_UP_1_NAME","一级敏捷强化","""B_AGI_UP_1""","@TRUE",8011,"({10,})",,0,"@ROUND_TYPE_END",,,"({({209, 250}), })","@TRUE","@TRUE","@TRUE","@FALSE","@TRUE","@FALSE","({147})",,"({})","@TYPE_BUFF","@TYPE_BUFF","@TRUE",0,"([])",,"敏捷增加"
148,"B_AGI_UP_2","B_AGI_UP_2_NAME","二级敏捷强化","""B_AGI_UP_2""","@TRUE",8011,"({10,})",,0,"@ROUND_TYPE_END",,,"({({209, 400}), })","@TRUE","@TRUE","@TRUE","@FALSE","@TRUE","@FALSE","({147,148})",,"({147,})","@TYPE_BUFF","@TYPE_BUFF","@TRUE",0,"([])",,"敏捷增加"
149,"B_AGI_UP_3","B_AGI_UP_3_NAME","三级敏捷强化","""B_AGI_UP_3""","@TRUE",8011,"({10,})",,0,"@ROUND_TYPE_END",,,"({({209, 550}), })","@TRUE","@TRUE","@TRUE","@FALSE","@TRUE","@FALSE","({147,148,149})",,"({147,148,})","@TYPE_BUFF","@TYPE_BUFF","@TRUE",0,"([])",,"敏捷增加"
150,"B_REBORN_PASSIVE_APPLY","B_REBORN_PASSIVE_APPLY_NAME","重生且上状态","""B_REBORN""","@TRUE",8011,"({10,})",,0,"@ROUND_TYPE_START",8029,,"({})","@FALSE","@FALSE","@FALSE","@FALSE","@FALSE","@FALSE","({78,150})",,"({})","@TYPE_NONE","@TYPE_NONE","@TRUE",0,"([])",,"此状态下死亡下一回合将自动复活，并恢复一定生命，且上状态给自己"
151,"B_SACRIFICE_SP","B_SACRIFICE_SP_NAME","特定生命状态下的生命链接","""B_SACRIFICE""","@FALSE",0,"({0,})",,0,"@ROUND_TYPE_END",,,"({})","@FALSE","@TRUE","@FALSE","@FALSE","@FALSE","@FALSE","({151})",,"({})","@TYPE_NONE","@TYPE_NONE","@FALSE",0,"([])",,"由施法者代替承受伤害，施法者死亡效果消失"
"# 光环带来的状态",,,,,,,,,,,,,,,,,,,,,,,,,,,,,
93,"B_MARK_JOINT","B_MARK_JOINT_NAME","队友攻击死亡标记目标触发光环源协同攻击","""B_EN_SHIELD""","@FALSE",0,"({0,})",,0,"@ROUND_TYPE_END",8020,,"({})","@FALSE","@TRUE","@FALSE","@FALSE","@FALSE","@FALSE","({})",,"({})","@TYPE_NONE","@TYPE_NONE","@FALSE",0,"([])",,"队友攻击死亡标记目标触发光环源协同攻击"
95,"B_TEAM_REFLEX","B_TEAM_REFLEX_NAME","伤害反射（光环带来）","""B_TEAM_REFLEX""","@FALSE",0,"({0,})",,0,"@ROUND_TYPE_END",,,"({({105, 300}), })","@FALSE","@TRUE","@FALSE","@FALSE","@FALSE","@FALSE","({72,95})",,"({})","@TYPE_NONE","@TYPE_NONE","@FALSE",0,"([])",,"将部分伤害反射给攻击者"
96,"B_TEAM_INSTEAD","B_TEAM_INSTEAD_NAME","替身光环","""B_TEAM_INSTEAD""","@FALSE",0,"({0,})",,0,"@ROUND_TYPE_END",,,"({})","@FALSE","@TRUE","@FALSE","@FALSE","@FALSE","@FALSE","({})",,"({})","@TYPE_NONE","@TYPE_NONE","@FALSE",0,"([])",,"受到致命伤时，由施法者代替承受伤害"
97,"B_ATK_UP_SP","B_ATK_UP_SP_NAME","攻击强化（光环带来）","""B_ATK_UP""","@FALSE",0,"({0,})",,0,"@ROUND_TYPE_END",,,"({({200, 100}), })","@FALSE","@TRUE","@FALSE","@FALSE","@FALSE","@FALSE","({})",,"({})","@TYPE_NONE","@TYPE_NONE","@FALSE",0,"([])",,"攻击增加（光环带来）"
98,"B_ATK_UP_JZ","B_ATK_UP_JZ_NAME","攻击强化（抉择被动专用）","""B_ATK_UP""","@FALSE",0,"({0,})",,0,"@ROUND_TYPE_END",,,"({({200, 300}), })","@FALSE","@TRUE","@FALSE","@FALSE","@FALSE","@FALSE","({})",,"({})","@TYPE_NONE","@TYPE_NONE","@FALSE",0,"([])",,"攻击增加（抉择被动专用）"
99,"B_REDUCE_DMG","B_REDUCE_DMG_NAME","减伤光环","""B_DEF_UP""","@FALSE",0,"({0,})",,0,"@ROUND_TYPE_END",,,"({({20, 150}), })","@FALSE","@TRUE","@FALSE","@FALSE","@FALSE","@FALSE","({99})",,"({})","@TYPE_NONE","@TYPE_NONE","@FALSE",0,"([])",,"减伤光环"
105,"B_DEF_UP_LEADER","B_DEF_UP_LEADER_NAME","基础防御强化光环状态（领导技能专属）","""B_DEF_UP""","@FALSE",0,"({0,})",,0,"@ROUND_TYPE_END",8020,,"({})","@FALSE","@TRUE","@FALSE","@FALSE","@FALSE","@FALSE","({105})",,"({})","@TYPE_NONE","@TYPE_NONE","@FALSE",0,"([])",,"基础防御增加"
106,"B_CRT_UP_LEADER","B_CRT_UP_LEADER_NAME","暴击强化光环状态（领导技能专属）","""B_CRT_UP""","@FALSE",0,"({0,})",,0,"@ROUND_TYPE_END",8020,,"({})","@FALSE","@TRUE","@FALSE","@FALSE","@FALSE","@FALSE","({106})",,"({})","@TYPE_NONE","@TYPE_NONE","@FALSE",0,"([])",,"暴击增加"
107,"B_ACC_UP_LEADER","B_ACC_UP_LEADER_NAME","效果命中强化光环状态（领导技能专属）","""B_CRT_UP""","@FALSE",0,"({0,})",,0,"@ROUND_TYPE_END",8020,,"({})","@FALSE","@TRUE","@FALSE","@FALSE","@FALSE","@FALSE","({107})",,"({})","@TYPE_NONE","@TYPE_NONE","@FALSE",0,"([])",,"效果命中增加"
108,"B_ATK_UP_LEADER","B_ATK_UP_LEADER_NAME","基础攻击强化光环状态（领导技能专属）","""B_ATK_UP""","@FALSE",0,"({0,})",,0,"@ROUND_TYPE_END",8020,,"({})","@FALSE","@TRUE","@FALSE","@FALSE","@FALSE","@FALSE","({108})",,"({})","@TYPE_NONE","@TYPE_NONE","@FALSE",0,"([])",,"基础攻击增加"
109,"B_AGI_UP_LEADER","B_AGI_UP_LEADER_NAME","基础敏捷强化光环状态（领导技能专属）","""B_AGI_UP""","@FALSE",0,"({0,})",,0,"@ROUND_TYPE_END",8020,,"({})","@FALSE","@TRUE","@FALSE","@FALSE","@FALSE","@FALSE","({109})",,"({})","@TYPE_NONE","@TYPE_NONE","@FALSE",0,"([])",,"基础敏捷增加"
110,"B_HP_UP_LEADER","B_HP_UP_LEADER_NAME","基础生命强化光环状态（领导技能专属）","""B_AGI_UP""","@FALSE",0,"({0,})",,0,"@ROUND_TYPE_END",8020,,"({})","@FALSE","@TRUE","@FALSE","@FALSE","@FALSE","@FALSE","({110})",,"({})","@TYPE_NONE","@TYPE_NONE","@FALSE",0,"([])",,"基础生命增加"
111,"B_AVENAGE","B_AVENAGE_NAME","死亡触发光环源复仇攻击","""B_DEF_UP""","@FALSE",0,"({0,})",,0,"@ROUND_TYPE_END",8020,,"({})","@FALSE","@TRUE","@FALSE","@FALSE","@FALSE","@FALSE","({111})",,"({})","@TYPE_NONE","@TYPE_NONE","@FALSE",0,"([])",,"死亡触发光环源复仇攻击"
112,"B_RES_UP_LEADER","B_RES_UP_LEADER_NAME","效果抵抗强化光环状态（领导技能专属）","""B_CRT_UP""","@FALSE",0,"({0,})",,0,"@ROUND_TYPE_END",8020,,"({})","@FALSE","@TRUE","@FALSE","@FALSE","@FALSE","@FALSE","({112})",,"({})","@TYPE_NONE","@TYPE_NONE","@FALSE",0,"([])",,"效果抵抗增加"
113,"B_BLOCK_UP_HALO","B_BLOCK_UP_HALO_NAME","格挡强化光环状态","""B_CRT_UP""","@FALSE",0,"({0,})",,0,"@ROUND_TYPE_END",8020,,"({})","@FALSE","@TRUE","@FALSE","@FALSE","@FALSE","@FALSE","({113})",,"({})","@TYPE_NONE","@TYPE_NONE","@FALSE",0,"([])",,"格挡增加"
114,"B_NEAR_DIE_CAST","B_NEAR_DIE_CAST_NAME","濒死上状态状态","""B_CRT_UP""","@FALSE",0,"({0,})",,0,"@ROUND_TYPE_END",8020,,"({})","@FALSE","@TRUE","@FALSE","@FALSE","@FALSE","@FALSE","({})",,"({})","@TYPE_NONE","@TYPE_NONE","@FALSE",0,"([])",,"濒死上状态"
117,"B_DMG_DMGUP_HALO","B_DMG_DMGUP_HALO_NAME","受创伤害增强（光环）","""B_COUNTER_ATK""","@FALSE",0,"({0,})",,0,"@ROUND_TYPE_END",8020,,"({})","@FALSE","@TRUE","@FALSE","@FALSE","@FALSE","@FALSE","({})",,"({})","@TYPE_NONE","@TYPE_NONE","@FALSE",0,"([])",,"受创伤害增强状态"
118,"B_HIT_DMGUP_HALO","B_HIT_DMGUP_HALO_NAME","受攻击伤害增强（光环）","""B_COUNTER_ATK""","@FALSE",0,"({0,})",,0,"@ROUND_TYPE_END",8020,,"({})","@FALSE","@TRUE","@FALSE","@FALSE","@FALSE","@FALSE","({})",,"({})","@TYPE_NONE","@TYPE_NONE","@FALSE",0,"([])",,"受攻击伤害增强状态"
119,"B_DMG_UP_HALO","B_DMG_UP_HALO_NAME","伤害增强（光环带来）","""B_COUNTER_ATK""","@FALSE",0,"({0,})",,0,"@ROUND_TYPE_END",8020,,"({})","@FALSE","@TRUE","@FALSE","@FALSE","@FALSE","@FALSE","({})",,"({})","@TYPE_NONE","@TYPE_NONE","@FALSE",0,"([])",,"伤害增强状态"
120,"B_MAX_CD_REDUCE","B_MAX_CD_REDUCE_NAME","全队最大冷却减少状态（光环带来）","""B_EN_SHIELD""","@FALSE",0,"({0,})",,0,"@ROUND_TYPE_END",8020,,"({})","@FALSE","@TRUE","@FALSE","@FALSE","@FALSE","@FALSE","({})",,"({})","@TYPE_NONE","@TYPE_NONE","@FALSE",0,"([])",,"全队最大冷却减少状态"
122,"B_MIRAGE_SHIELD","B_MIRAGE_SHIELD_NAME","镜花水月护盾","""B_DMG_SHIELD""","@FALSE",0,"({0,})",,0,"@ROUND_TYPE_END",,,"({})","@FALSE","@TRUE","@FALSE","@FALSE","@FALSE","@FALSE","({})",,"({})","@TYPE_NONE","@TYPE_NONE","@FALSE",0,"([])",,"消耗光环源能量免疫伤害"
123,"B_SHENMO","B_SHENMO_NAME","神魔灭杀","""B_DMG_SHIELD""","@FALSE",0,"({0,})",,0,"@ROUND_TYPE_END",,,"({})","@FALSE","@TRUE","@FALSE","@FALSE","@FALSE","@FALSE","({})",,"({})","@TYPE_NONE","@TYPE_NONE","@FALSE",0,"([])",,"获得回合造成光环源概率回能"
126,"B_TOWER_ATK_UP","B_TOWER_ATK_UP_NAME","百塔祝福","""B_DMG_SHIELD""","@FALSE",0,"({0,})",,0,"@ROUND_TYPE_END",8020,,"({})","@FALSE","@TRUE","@FALSE","@FALSE","@FALSE","@FALSE","({})",,"({})","@TYPE_NONE","@TYPE_NONE","@FALSE",0,"([])",,"回合越久，攻击力越高光环"
128,"B_DEF_UP_SP","B_DEF_UP_SP_NAME","防御强化（光环带来）","""B_DEF_UP""","@FALSE",0,"({0,})",,0,"@ROUND_TYPE_END",8020,,"({})","@FALSE","@TRUE","@FALSE","@FALSE","@FALSE","@FALSE","({})",,"({})","@TYPE_NONE","@TYPE_NONE","@FALSE",0,"([])",,"防御增加（光环带来）"
129,"B_CRT_UP_SP","B_CRT_UP_SP_NAME","暴击强化（光环带来）","""B_CRT_UP""","@FALSE",0,"({0,})",,0,"@ROUND_TYPE_END",8020,,"({})","@FALSE","@TRUE","@FALSE","@FALSE","@FALSE","@FALSE","({})",,"({})","@TYPE_NONE","@TYPE_NONE","@FALSE",0,"([])",,"暴击增加（光环带来）"
130,"B_ACC_UP_SP","B_ACC_UP_SP_NAME","效果命中强化（光环带来）","""B_ACC_UP""","@FALSE",0,"({0,})",,0,"@ROUND_TYPE_END",8020,,"({})","@FALSE","@TRUE","@FALSE","@FALSE","@FALSE","@FALSE","({})",,"({})","@TYPE_NONE","@TYPE_NONE","@FALSE",0,"([])",,"暴击增加（光环带来）"
131,"B_MP_CURE","B_MP_CURE_NAME","回能（光环带来）","""B_ACC_UP""","@FALSE",0,"({0,})",,0,"@ROUND_TYPE_END",8020,,"({})","@FALSE","@TRUE","@FALSE","@FALSE","@FALSE","@FALSE","({})",,"({})","@TYPE_NONE","@TYPE_NONE","@FALSE",0,"([])",,"回能（光环带来）"
132,"B_ATK_STUN","B_ATK_STUN_NAME","击晕（光环带来）","""B_ACC_UP""","@FALSE",0,"({0,})",,0,"@ROUND_TYPE_END",8020,,"({})","@FALSE","@TRUE","@FALSE","@FALSE","@FALSE","@FALSE","({})",,"({})","@TYPE_NONE","@TYPE_NONE","@FALSE",0,"([])",,"击晕（光环带来）"
133,"B_CD_REDUCE","B_CD_REDUCE_NAME","冷却减少（光环带来）","""B_ACC_UP""","@FALSE",0,"({0,})",,0,"@ROUND_TYPE_END",8020,,"({})","@FALSE","@TRUE","@FALSE","@FALSE","@FALSE","@FALSE","({})",,"({})","@TYPE_NONE","@TYPE_NONE","@FALSE",0,"([])",,"冷却减少（光环带来）"
134,"B_RES_UP_SP","B_RES_UP_SP_NAME","效果抵抗强化（光环带来）","""B_ACC_UP""","@FALSE",0,"({0,})",,0,"@ROUND_TYPE_END",8020,,"({})","@FALSE","@TRUE","@FALSE","@FALSE","@FALSE","@FALSE","({})",,"({})","@TYPE_NONE","@TYPE_NONE","@FALSE",0,"([])",,"效果抵抗强化（光环带来）"
135,"B_ATK_UP_TOWER","B_ATK_UP_TOWER_NAME","攻击强化（光明与黑暗带来）","""B_ATK_UP""","@FALSE",0,"({0,})",,0,"@ROUND_TYPE_END",8020,,"({({200, 1000}), })","@FALSE","@TRUE","@FALSE","@FALSE","@FALSE","@FALSE","({135})",,"({})","@TYPE_NONE","@TYPE_NONE","@FALSE",0,"([])",,"攻击增加"
136,"B_DEF_UP_TOWER","B_DEF_UP_TOWER_NAME","防御强化（光明与黑暗带来）","""B_DEF_UP""","@FALSE",0,"({0,})",,0,"@ROUND_TYPE_END",8020,,"({({201, 1000}), })","@FALSE","@TRUE","@FALSE","@FALSE","@FALSE","@FALSE","({136})",,"({})","@TYPE_NONE","@TYPE_NONE","@FALSE",0,"([])",,"防御增加"
137,"B_LIGHT_DARK","B_LIGHT_DARK_NAME","光明与黑暗","""B_ATK_UP""","@FALSE",0,"({0,})",,0,"@ROUND_TYPE_END",8020,,"({})","@FALSE","@TRUE","@FALSE","@FALSE","@FALSE","@FALSE","({137})",,"({})","@TYPE_NONE","@TYPE_NONE","@FALSE",0,"([])",,"光明与黑暗"
138,"B_DMG_IMMUNE_TYPE","B_DMG_IMMUNE_TYPE_NAME","特殊伤害类型才能起效","""B_ATK_UP""","@FALSE",0,"({0,})",,0,"@ROUND_TYPE_END",8020,,"({})","@FALSE","@TRUE","@FALSE","@FALSE","@FALSE","@FALSE","({138})",,"({})","@TYPE_NONE","@TYPE_NONE","@FALSE",0,"([])",,"特殊伤害类型才能起效"
140,"B_SECRET_HP_COST","B_SECRET_HP_COST_NAME","幻化碎片光环状态（队友死亡自身扣血）","""B_ATK_UP""","@FALSE",0,"({0,})",,0,"@ROUND_TYPE_END",8020,,"({})","@FALSE","@TRUE","@FALSE","@FALSE","@FALSE","@FALSE","({140})",,"({})","@TYPE_NONE","@TYPE_NONE","@FALSE",0,"([])",,"队友死亡自身扣血"
141,"B_CAN_NOT_CHOOSE","B_CAN_NOT_CHOOSE_NAME","不可选中状态","""B_ATK_UP""","@FALSE",0,"({0,})",,0,"@ROUND_TYPE_END",,,"({})","@FALSE","@TRUE","@FALSE","@FALSE","@FALSE","@FALSE","({141})",,"({})","@TYPE_NONE","@TYPE_NONE","@FALSE",0,"([])",,"不可选中状态"
200,"B_DEAD_S_ATK_UP","B_DEAD_S_ATK_UP_NAME","单位死亡增加光环源基础攻击力","""B_ATK_UP""","@FALSE",0,"({0,})",,0,"@ROUND_TYPE_END",8020,,"({})","@FALSE","@TRUE","@FALSE","@FALSE","@FALSE","@FALSE","({200})",,"({})","@TYPE_NONE","@TYPE_NONE","@FALSE",0,"([])",,"单位死亡增加光环源基础攻击力"
201,"B_BASE_ATK_UP","B_BASE_ATK_UP_NAME","基础攻击强化（光环带来）","""B_ATK_UP""","@FALSE",0,"({0,})",,0,"@ROUND_TYPE_END",,,"({})","@FALSE","@TRUE","@FALSE","@FALSE","@FALSE","@FALSE","({})",,"({})","@TYPE_NONE","@TYPE_NONE","@FALSE",0,"([])",,"基础攻击强化（光环带来）"
202,"B_EN_COST_SHIELD","B_EN_COST_SHIELD_NAME","能量消耗护盾反击（光环带来）","""B_ATK_UP""","@FALSE",0,"({0,})",,0,"@ROUND_TYPE_END",8020,,"({})","@FALSE","@TRUE","@FALSE","@FALSE","@FALSE","@FALSE","({})",,"({})","@TYPE_NONE","@TYPE_NONE","@FALSE",0,"([])",,"能量消耗护盾反击（光环带来）"
203,"B_CRT_JOINT","B_CRT_JOINT_NAME","暴击触发光环源协同","""B_DEF_UP""","@FALSE",0,"({0,})",,0,"@ROUND_TYPE_END",8020,,"({})","@FALSE","@TRUE","@FALSE","@FALSE","@FALSE","@FALSE","({})",,"({})","@TYPE_NONE","@TYPE_NONE","@FALSE",0,"([])",,"暴击触发光环源协同"
204,"B_CTRED_REDUCE_SP","B_CTRED_REDUCE_SP_NAME","减少被暴击状态（光环带来）","""B_ATK_UP""","@FALSE",0,"({0,})",,0,"@ROUND_TYPE_END",,,"({({18, 250}), })","@FALSE","@TRUE","@FALSE","@FALSE","@FALSE","@FALSE","({204})",,"({})","@TYPE_NONE","@TYPE_NONE","@FALSE",0,"([])",,"减少被暴击率25%（光环带来）"
205,"B_HEAL_JOINT","B_HEAL_JOINT_NAME","誓约之血状态","""B_EN_SHIELD""","@FALSE",0,"({0,})",,0,"@ROUND_TYPE_END",8020,,"({})","@FALSE","@TRUE","@FALSE","@FALSE","@FALSE","@FALSE","({})",,"({})","@TYPE_NONE","@TYPE_NONE","@TRUE",0,"([])",,"回合结束，自身和光环源回血，并光环源追加普攻"
206,"B_ADRENALINE","B_ADRENALINE_NAME","肾上腺素","""B_DMG_SHIELD""","@FALSE",0,"({0,})",,0,"@ROUND_TYPE_END",,,"({})","@FALSE","@TRUE","@FALSE","@FALSE","@FALSE","@FALSE","({})",,"({})","@TYPE_NONE","@TYPE_NONE","@FALSE",0,"([])",,"获得回合造成光环源概率攻击"
207,"B_SOUL_REAPER","B_ADRENALINE_NAME","灵魂收割","""B_DMG_SHIELD""","@FALSE",0,"({0,})",,0,"@ROUND_TYPE_END",,,"({})","@FALSE","@TRUE","@FALSE","@FALSE","@FALSE","@FALSE","({})",,"({})","@TYPE_NONE","@TYPE_NONE","@FALSE",0,"([])",,"任意单位阵亡时释放攻击技能"
208,"B_SOUL_SMELL","B_ADRENALINE_NAME","亡魂嗅觉","""B_DMG_SHIELD""","@FALSE",0,"({0,})",,0,"@ROUND_TYPE_END",,,"({})","@FALSE","@TRUE","@FALSE","@FALSE","@FALSE","@FALSE","({})",,"({})","@TYPE_NONE","@TYPE_NONE","@FALSE",0,"([])",,"非自身回合时当场上有单位阵亡释放辅助技能"
209,"B_CHARGE_MP","B_ADRENALINE_NAME","充能","""B_DMG_SHIELD""","@FALSE",0,"({0,})",,0,"@ROUND_TYPE_END",,,"({})","@FALSE","@TRUE","@FALSE","@FALSE","@FALSE","@FALSE","({})",,"({})","@TYPE_NONE","@TYPE_NONE","@FALSE",0,"([])",,"己方任意单位受创触发光环源回能"
210,"B_SACRIFICE_ALL_SP","B_SACRIFICE_ALL_NAME","生命链接","""B_SACRIFICE""","@FALSE",0,"({0,})",,0,"@ROUND_TYPE_END",,,"({})","@FALSE","@FALSE","@FALSE","@FALSE","@FALSE","@FALSE","({})",,"({})","@TYPE_NONE","@TYPE_NONE","@FALSE",0,"([])",,"由施法者代替承受伤害，施法者死亡效果消失"
211,"B_PURE_BLOOD","B_SACRIFICE_ALL_NAME","纯正血统光环","""B_SACRIFICE""","@FALSE",0,"({0,})",,0,"@ROUND_TYPE_END",,,"({})","@FALSE","@FALSE","@FALSE","@FALSE","@FALSE","@FALSE","({})",,"({})","@TYPE_NONE","@TYPE_NONE","@FALSE",0,"([])",,"场上任意单位死亡触发光环源释放技能复活"
212,"B_STOP_ACTION","B_CAN_NOT_CHOOSE_NAME","无法行动光环（隐藏圣域专用）","""B_ATK_UP""","@FALSE",0,"({0,})",,0,"@ROUND_TYPE_END",,,"({})","@FALSE","@TRUE","@FALSE","@FALSE","@FALSE","@FALSE","({212})",,"({})","@TYPE_NONE","@TYPE_NONE","@FALSE",0,"([])","@STOP_ACTION","不可选中状态"
213,"B_CONTRACT","B_REBORN_PASSIVE_APPLY_NAME","契約草人","""B_REBORN""","@FALSE",0,"({0,})",,0,"@ROUND_TYPE_END",,,"({})","@FALSE","@FALSE","@FALSE","@FALSE","@FALSE","@FALSE","({213})",,"({})","@TYPE_NONE","@TYPE_NONE","@FALSE",0,"([])",,"契约草人附属状态"
"# 技能特殊效果状态",,,,,,,,,,,,,,,,,,,,,,,,,,,,,
300,"S_CD_CLEAR","S_CD_CLEAR_NAME","状态清除来源指定技能CD清除","""B_DMG_SHIELD""","@FALSE",0,"({0,})",,0,"@ROUND_TYPE_END",8028,,"({})","@TRUE","@TRUE","@FALSE","@FALSE","@FALSE","@FALSE","({})",,"({})","@TYPE_NONE","@TYPE_NONE","@FALSE",0,"([])",,"例如恐怖处刑技能带来的任何击杀技能冷却清除效果"
301,"B_DMG_UP_SOUL","B_DMG_UP_SOUL_NAME","魂石结晶伤害强化","""B_ATK_UP""","@FALSE",8025,"({5,})",,0,"@ROUND_TYPE_END",,,"({({25, 200}), })","@FALSE","@TRUE","@FALSE","@FALSE","@FALSE","@FALSE","({})",,"({})","@TYPE_NONE","@TYPE_NONE","@TRUE",0,"([])",,"魂石结晶技能带来的伤害增强20%，最多5个该状态"
302,"B_ATK_UP_HADES","B_ATK_UP_HADES_NAME","冥神降临（基础攻击提升）","""B_ATK_UP""","@FALSE",0,"({0,})",,0,"@ROUND_TYPE_END",,,"({({5, 1500}), })","@TRUE","@TRUE","@FALSE","@FALSE","@FALSE","@FALSE","({})",,"({})","@TYPE_NONE","@TYPE_NONE","@TRUE",0,"([])",,"冥神降临期间提高自身 150% 基础攻击力。"
303,"B_HP_RECOVER_HIDE","B_HP_RECOVER_NAME","生命恢复（隐藏不显示）","""B_HP_RECOVER""","@FALSE",0,"({0,})",,8001,"@ROUND_TYPE_START",8020,,"({})","@TRUE","@TRUE","@FALSE","@FALSE","@FALSE","@FALSE","({303})",,"({})","@TYPE_NONE","@TYPE_NONE","@TRUE",0,"([])",,"回合开始时恢复生命（隐藏不显示）"
304,"B_MP_RECOVER_HIDE","B_MP_RECOVER_NAME","能量泉涌（隐藏不显示）","""B_MP_RECOVER""","@FALSE",0,"({0,})",,8000,"@ROUND_TYPE_START",,,"({({205, 1}), })","@TRUE","@TRUE","@FALSE","@FALSE","@FALSE","@FALSE","({304})",,"({})","@TYPE_NONE","@TYPE_NONE","@TRUE",0,"([])",,"回合开始时恢复 1 点能量（隐藏不显示）"
305,"B_DANCE","B_MP_RECOVER_NAME","圆舞曲之姿（隐藏不显示）","""B_MP_RECOVER""","@FALSE",0,"({0,})",,0,"@ROUND_TYPE_START",,,"({ ({5, -1000}), ({20, 250}), })","@TRUE","@TRUE","@FALSE","@FALSE","@FALSE","@FALSE","({305})",,"({})","@TYPE_NONE","@TYPE_NONE","@TRUE",0,"([])",,"圆舞曲之姿"
306,"B_STANDED","B_CAN_NOT_CHOOSE_NAME","被替身状态","""B_ATK_UP""","@FALSE",0,"({0,})",,0,"@ROUND_TYPE_END",,,"({})","@FALSE","@FALSE","@FALSE","@FALSE","@FALSE","@FALSE","({306})",,"({})","@TYPE_NONE","@TYPE_NONE","@FALSE",0,"([])",,"被替身状态"
307,"B_HATE","B_CAN_NOT_CHOOSE_NAME","怨恨委托状态","""B_ATK_UP""","@FALSE",0,"({0,})",,0,"@ROUND_TYPE_END",8028,,"({})","@TRUE","@FALSE","@FALSE","@FALSE","@FALSE","@FALSE","({307})",,"({})","@TYPE_NONE","@TYPE_NONE","@FALSE",0,"([])",,"怨恨委托专用状态"
"# 12","D_SPD_DOWN","速度降低（废弃）","速度降低（废弃）","""D_SPD_DOWN""","@TRUE",8010,"({10,})",,0,"@ROUND_TYPE_END",,,"({({202, -300}), })","@TRUE","@TRUE","@FALSE","@FALSE","@FALSE","@FALSE","({12})",,"({})","@TYPE_DEBUFF","@TYPE_DEBUFF","@TRUE",0,"([])",,"速度降低"
"# 37","D_SLEEP_EX","睡眠（临时方案）","睡眠（临时方案）","""D_SLEEP""","@TRUE",8003,"({10,})",8015,8024,"@ROUND_TYPE_END",,,"({({132, 1000}), })","@TRUE","@TRUE","@FALSE","@FALSE","@FALSE","@FALSE","({5,121,37})",,"({})","@TYPE_DEBUFF","@TYPE_DEBUFF","@TRUE",0,"([""ctrl_id"":1])","@STOP_ACTION","指定回合内无法行动，被攻击时自动解除"
"# 61","B_DMG_SHIELD","伤害护盾","伤害护盾","""B_DMG_SHIELD""","@TRUE",8011,"({10,})",,0,"@ROUND_TYPE_END",,,"({})","@TRUE","@TRUE","@FALSE","@FALSE","@FALSE","@FALSE","({})",,"({})","@TYPE_BUFF","@TYPE_BUFF","@TRUE",0,"([])",,"吸收一定量的伤害"
"# 63","B_LV_SHIELD","等级护盾","等级护盾","""B_DMG_SHIELD""","@TRUE",8011,"({10,})",,0,"@ROUND_TYPE_END",,,"({})","@TRUE","@TRUE","@FALSE","@FALSE","@FALSE","@FALSE","({})",,"({})","@TYPE_BUFF","@TYPE_BUFF","@TRUE",0,"([])",,"根据护盾释放者自身等级产生的对应血量的护盾"
"# 69","B_SPD_UP","速度强化（废弃）","速度强化（废弃）","""B_SPD_UP""","@TRUE",8011,"({10,})",,0,"@ROUND_TYPE_END",,,"({({202, 300}), })","@TRUE","@TRUE","@FALSE","@FALSE","@FALSE","@FALSE","({69})",,"({})","@TYPE_BUFF","@TYPE_BUFF","@TRUE",0,"([])",,"速度增加"
"# 104","B_DEBUFF_ATK","减益效果增加攻击（废弃）","减益效果增加攻击（废弃）","""B_HP_RECOVER""","@FALSE",0,"({0,})",,0,"@ROUND_TYPE_END",,,"({})","@TRUE","@TRUE","@FALSE","@FALSE","@FALSE","@FALSE","({104})",,"({})","@TYPE_NONE","@TYPE_NONE","@FALSE",0,"([])",,"减益效果增加攻击"
